CREATE TABLE public.healthcheck (
                                    id serial NOT NULL,
                                    message varchar NULL
);

INSERT INTO public.healthcheck ("message")
VALUES ('I''m fine. Thank you.');

CREATE TABLE public."user" (
                               id serial NOT NULL,
                               username varchar NULL,
                               "password" varchar NULL,
                               email varchar NULL,
                               firstname varchar NULL,
                               lastname varchar NULL,
                               phone varchar NULL,
                               address varchar NULL,
                               CONSTRAINT user_pk PRIMARY KEY (id)
);

CREATE TABLE public.category (
                                 id serial4 NOT NULL,
                                 "name" varchar NULL,
                                 CONSTRAINT category_pk PRIMARY KEY (id)
);
CREATE TABLE public.product (
                                id serial4 NOT NULL,
                                "name" varchar NULL,
                                price int4 NULL,
                                category int4 NULL,
                                stock int4 NULL,
                                image_url varchar NULL,
                                recommend bool NULL,
                                create_date timestamp NULL,
                                CONSTRAINT product_pk PRIMARY KEY (id),
                                CONSTRAINT product_fk FOREIGN KEY (category) REFERENCES public.category(id)
);
INSERT INTO public.category (id, "name") VALUES(1, 'ทั้งหมด');
INSERT INTO public.category (id, "name") VALUES(2, 'ชุดเช็ต');
INSERT INTO public.category (id, "name") VALUES(3, 'เนื้อหมู');
INSERT INTO public.category (id, "name") VALUES(4, 'เนื้อวัว');
INSERT INTO public.category (id, "name") VALUES(5, 'ทะเล');
INSERT INTO public.category (id, "name") VALUES(6, 'เส้น');
INSERT INTO public.category (id, "name") VALUES(7, 'ผัก');
INSERT INTO public.category (id, "name") VALUES(8, 'อาหารทานเล่น');
CREATE TABLE public.status (
                               id serial4 NOT NULL,
                               "name" varchar NULL,
                               CONSTRAINT status_pk PRIMARY KEY (id)
);
CREATE TABLE public.cart (
                             id serial4 NOT NULL,
                             user_id int4 NULL,
                             product_id int4 NULL,
                             product_quantity int4 NULL,
                             created_at timestamp NULL,
                             updated_at timestamp NULL,
                             CONSTRAINT cart_pk PRIMARY KEY (id),
                             CONSTRAINT cart_fk FOREIGN KEY (user_id) REFERENCES public."user"(id),
                             CONSTRAINT cart_fk_1 FOREIGN KEY (product_id) REFERENCES public.product(id)
);
CREATE TABLE public.payment (
                                id serial4 NOT NULL,
                                "method" varchar NULL,
                                CONSTRAINT payment_pk PRIMARY KEY (id)
);
CREATE TABLE public."order" (
                                id serial4 NOT NULL,
                                user_id int NULL,
                                total int NULL,
                                payment_id int NULL,
                                status_id int NULL,
                                created_at timestamp NULL,
                                updated_at timestamp NULL,
                                CONSTRAINT order_pk PRIMARY KEY (id),
                                CONSTRAINT order_fk FOREIGN KEY (user_id) REFERENCES public."user"(id),
                                CONSTRAINT order_fk_1 FOREIGN KEY (status_id) REFERENCES public.status(id),
                                CONSTRAINT order_fk_2 FOREIGN KEY (payment_id) REFERENCES public.payment(id)
);
INSERT INTO public.status ("name") VALUES('Waiting');
INSERT INTO public.status ("name") VALUES('Fail');
INSERT INTO public.status ("name") VALUES('Success');

INSERT INTO public.payment ("method") VALUES('เก็บเงินปลายทาง');
INSERT INTO public.payment ("method") VALUES('บัตรเครดิต');
INSERT INTO public.payment ("method") VALUES('QR code');





INSERT INTO public.product ("name", price, category, stock, image_url, recommend, create_date) VALUES('หมูสามชั้น', 125, 3, 99, 'https://www.sirinfarm.com/wp-content/uploads/2021/07/53631.jpg', true, '2021-10-21 15:28:21.583');
INSERT INTO public.product ("name", price, category, stock, image_url, recommend, create_date) VALUES('สันคอหมูสไลด์', 120, 3, 99, 'https://www.foodpromarts.com/images/product/THAI_PORKCOLLAR_SLICE.jpg?v=1', true, '2021-10-21 15:34:15.477');
INSERT INTO public.product ("name", price, category, stock, image_url, recommend, create_date) VALUES('สันนอกหมูสไลด์', 110, 3, 99, 'https://encrypted-tbn0.gstatic.com/images?q=tbn:ANd9GcR2pYV9ubKG9eEWRpu4ORfIz7cZlFCiS5rTDw&usqp=CAU', true, '2021-10-21 15:34:15.483');
INSERT INTO public.product ("name", price, category, stock, image_url, recommend, create_date) VALUES('หมูสามชั้นคุโรบูตะสไลด์', 139, 3, 99, 'data:image/jpeg;base64,/9j/4AAQSkZJRgABAQAAAQABAAD/2wCEAAoHCBUVFBgVFRUYGRgZGx0bGxsbGiAaIhweHRsbGyMgGxsbIC0kHCApIhobJTcmKS4wNDQ0GiM5PzkyPi0yNDABCwsLEA8QHhISHTIrJCkyMjI3NTIyMjIyMjIyMjIyMjIyMjIyMjIyMjI7MjIyMjIyMjIyMjIyMjIyMjIyMjIyMv/AABEIAOEA4QMBIgACEQEDEQH/xAAcAAACAgMBAQAAAAAAAAAAAAAFBgMEAAIHAQj/xABFEAACAAMFBAcGBAQDCAMBAAABAgADEQQFEiExQVFhcQYTIjKBkaFCUrHB0fAUYnLhFTOS8QcjghZDU1SissLSNDV0JP/EABkBAAMBAQEAAAAAAAAAAAAAAAABAgMEBf/EAC8RAAICAgIBAgUDAgcAAAAAAAABAhEDIRIxQQRREyJhcfAygaEUsTNScpHB0eH/2gAMAwEAAhEDEQA/AOcMpGsaEQSdQcmEVptmIzGYiSiryi/Z7xYZOMQ37fo0U6R5SEAYSYrCqGvD70jfFARSRmMtxET/AI99oU8afGhgKCdKxTtVtC9lNdrbuUVJtrdsiaDcMormADCax5GUjIAPY9UVjFXadItWCzGbMSWMgzAHgK5nyhDSsP8ARro6JgE2b3M8K7X48Fr4mHNFlyVoT1Y9xQKnmNkaWMLLl4gAFlrkPCi+ULU6ezsWJqSa5xztuTPSxYoxQzTb1s6jJWY0rmYqv0jlgiklfvwjywWSXKl47QBV+6lKmm/KLSWSyKuPB2jmoZiP+kHIc4nSNVC/BJLtx6sTGbAG0AXcfy6eIgndFoWa2FZrZ8DTlUmASK8zsoFAroq/+R0grIspkgTGJB1FNCRnmTr+8Bq8aSq9jCjhXwGitsI28wNRxhX6SdCUtB6yQBKmA0mIB2WPvAZUPLWGmaqzlWYpAqKkn7zib8UoaubErhNBrxi06Z584p+N+fuclm9B7Qu0f0n5VgdbrhnSlxMoZRqVNacxqPKOrpZMJqJ8xdwZcQHCJJtjVxiDKZg4YQw3MpgU5ClhhXscRrTSLNmtjyzVWKneDBbpR0fmSZhZZT9W3aFBiCE6rUbAdOBEL1Y3TtHLKLi6GGR0ntC+0rD8y/NaQSs/TWYO9KB/SxHoRCZijdJ1OEMhnR7L0/l6MJqeAYehgzZunNmP+/p+tWX4iOYWe3rpMQHiBn5QTk2STMFVIPoR4Qm0FM6P/tnZv+Zlf1CMjnX8Il7oyDkh8WCGlViB5ZEEns5XURGVhgCnlK3A74qTZJXXTfBqZZ6xXZSuoygAFViNhBGZZVbNcj6ftFKahXIiACGkeGNjHlIAMAjYJTXMxiGkelqQAX7uu15prmEGrU9ANpg9Ply5DSiAFAIIGpOebN4fDIQVu6zKmCX7IIU12nXPmwMLd9Fy7B82Bp5ZfKMuVs7IY0o35HeSSZcxAASVqBTWh9coCWa0mW+IKpI2FRT9osdFbzV1CMSrpQA76aV2jKGxkFA/Vy67XWgr55iMutM7MbTAqSntDB3AQj9VTyFdkGJV1I3s4jrViWY8wCAIvWGxlwDQYTu08TqeUE0u8CtWNNy9kQqbCeZLSYNCpKFWIy9kUoOdMhA0u1tcrQiQpBZtCw2KnPSu4mCF5TLOh7VCwzpUsfKJLDaVMjGi4QWpTLRQd3GsBNvjyrb1Z7PmKqkt2UWgCjKtBko4RUl9IiCKIAu7bGvSLJVRWXJSSpNNdsBrHdc+YRhGFfeOlPnDSaKhCLjcuhkm9I8FC8tgDtr8jGJbjOBMtg9NVKgEf6SPhFC2WpDhluyuqjtEA1YjZw51iGztLDEysaGhNMs+R8IbYLAqtRr+wTxTUFWlmh93/wBcx6QOtlw2a0Vxygr7x2HHyPiYG2qbMaZVXeg1OMn1+UNMmW02QrA1YCjZd6nHKEvoTlxpJcq2c6vXoFOQkyWEwD2D2X8jk3gYVLTZ3lsUmIyMNVYFT5GO7WBsXYbUaHaDziS8LplWmVhnSw5WtN4I91tRWNYTfk4cuJJ0cArEiTyDUVBG0Q0Xv0LnJV5KOVGqMKkfpIyYQpOlCQRQjUHIjnGiaZhKLXZf/isz/iGPIH0jIdIWzv8AfXRGVNBaXRG3bD9I57e1wTJRoykfPlHaogtNlSYuF1DDjDaJUvc4E8sjWNWl1jpt+dC61aTn+U6+BhDtl3PLYgqQRsIhDAsyy7VipPag7QrB2bKEtcU003DaYBW22YzkKLsEAwc6bSKcI0LnTZujdzEeGADFbfG4lbQfEbD8jEcSSWIOUADjc9pxopL1cYcWdTiBpU89Yq3oq9cwqAC/lnAWzzCGDKcDDTOg8Ds5HL4RYxl2o5CknMkfHdGfCnZ1Y8uqY4dErtluXmlKIpwJXUsACzHkCAP1HdBC/XElpfaJp2nQitK0PjpFzo3KC2eUmKopqNuNyT8QPCA/SC2FpzA50YqOQNKRi9s7cNhqT0jmTFXqwgyzpmBwGzIU8Y2tFotNKsX4Ed0/CFuy2bqpbzlJTERgU5hjnUU3DfDIvTKzrKTrGIcr2lCsQp0OYWkFFuo1UUCJFmd2NAab/rDRdkoizlDTF3h8fnrHlnwuizMJOPtIrVBodCVNKV1z2ZwPtN5rZ54xvXGBiGwbqnzHjC3YpT+IteDL8kkur6BlANNhXIj4RDd19CUmErUEk68KZZevGD9UpRlrKbbuPyMDJl1yUbEMNNlWxeQ+oh/UISi1wkijd92Ga2IsVTUYhSoJ2HaYJpZQrEI+IVGSru/MTG6riyRS3EiuXBRE0qzzPdP+ohR5D9oPsVPK32/2PGs9WyQYss2OI+Wg8YISJnVBmdt1Ng8IGvaUlt23DMB3FFBXidsWJBDjrZi0UZKuoJ3nlAtGGRNrfX9/sSWPFUzXOEagbTy4cYke0TJmSDCu+tP7xTtdpAXG57I0HvHZ4QBm9JJhIAoorlQQtjWNyd0r/hDL1U4ZhlHM/WB963PJtC//ANMkFtBMTvDxGfgaiCxAnS1JJFRUEcRAa0yZqHIka0odQNsProlJT1KrFz/YCzf82/8AQI9g5/FJnvN/SIyD4kg/pV+M6JGRkAr86Qy5CE4lqNp0B8O8eAjsbPJSsKWu2JLXE5puG08hHLemPTBGaiKpYZDbTmdp9BG7i2XiSynqpJyMx9WH5F2jlQcTpBGwdD7FK1ltaG96Ycv6RQU51jOU0uzWOKT6OZSLPPtcw4QXO0nJV5toPughhs/RGWlOudnOtE7I86FjzFI6RjMsUUJLA0UAAeQiBrwYazkH+kmMpTb6OqHp629iavR2ygZWZnHBph9SYgmdHbPskTky1VmNPBqw+SrwB1nqf9EeuEma9U36XZT5ikJN+5bgvMTldp6Kyz3J7qd0xPmKQKtfRu0SxiCh196WcXpr6R1+ddA9lpqV4iYvjWp9Yrpc7EkI6qw91cBP6kbXzilOSM5YoPo40jAxKj7DmPUcvp8I6TffRqVO7LgS53szFGTHc42/EbI5xb7JMkTGlTVwuviCDoVO0Hf840jJMylBx7C9zX7Ms5GE45dR2CTTWuR1Q+mvOCNot8uY7zJZNCS1CO0tc6HlvGUKaPTQxKj51U4WH3kfkfWE4JmmLNKD90NzW+ZNVZdMQXJRTStN0Fbn6PIz1mENh7RQZg7lY8TSo3AwAsPSaiBDLlo+hmKtK7O0Nh9OAhvuEnq2Z61ZhTQVVVJqKbKtGMrR3LKpx+Uv3jePVoz1zLYVru2kCEq0o09iMLM9Kim3fUnhtgr0pbtopyogPiSSYhuFv8xxjoOrahHsmgzpwzhJUaRilG0Q3P0geRSVNzANM8+WLlvEFpd5JOfApCAd5m7WXCsK94TFYBZa4aasdWPyHAQKUupyMHGykq2dYW9gOxZ1qPeI15DZEi3dPnCrOacTl5LHNLDetpqFl5sThUZ5k5ADPjD/AGm8Z8iyy5QZTNCgMyrWp24QcvGmeZh/6jCa4tLGlb8snFwUYANlXjWL9sYEhBkqjPcANYX+iVvtEya5nTCyqmlAKEnLQcDFm85xEmYdrEL55mFrwS+cpfM7r/kGdI7ZjIK5oMhTfxgNLQkVFSeGcWrnDtNUVBHtAjILtqNNIO3w6SUBlKqlqitNlNm7WGbxdNRRqtt/lIJhSijEMqf3hgs9vAIFCRsYZjxppHPFNfCLl3znrVMWEa008YlNmmT00ZIe/wCJS/sR5C1+HHHy/ePYXJnP/SL3JulHTVZSlF71M1B/7js5CAvR26XtNLZbO0h/lSzkGoe8w9zLIbdvG5dnReyS5gEytpmUxOzjsKBuTTcM6w0SGBIyAAFFUZBQMshG8p3pHnY8L7Z7TFQtluGnpFe1zQuTOEXYBqYlnAsQMQFTXMagZ0FDrFS+rvxgMveUUpvH1jOjsjVpMHTrbJByV3pXOoAyiA26UaYpJwn85PoIrog0IzrSkWJN1vMqQhyGrdkZZc9BCR18IRW3/Jq1tkGlJLA/qOnDjGS58onJ2T9QxDzUg+kRPZSlAcNM60H1+zHhsfaJUhlUYqkUFNd1BD0yuCXkJ4ZkujBq4swyk0MELJegcgP3sgGXIjnvEVLmtXWf5OHEtKnLTPZupE8m6UlmsxwBsUZmnP6QfY55uDuM1vxXYdwVBU0xAZEjI8xCvf11y56gWmz4sNaOhNU0rQjPZocsoYEttaFZbEd0NvAiN7OzNiKIDvDFT4018Ypv2OKOns4zf/Rh5AMyU/Wydp0ZP1jdxHkIBo9Y7zNuxWbFhdaihC4Sra6jbrCXfH+Gxd2eyTUWufVuCtDwIrQcKRcZ+GZziluJz5X3/f1gvdF+zbPQKcaVqUJyzGeE6qfukR3r0ZtlmzmSWwj207a8yVzUfqAgUj7op00Qm4u0O953lKtKpMlt2ggV0PeUrv3ggjMZZRHd15dUGARWLghmapOE7BQ8YT1cg1BIP3p9+cHLjvCSXpaiyr7yCoJ3Nu5j01iHCjuw+pVVIOyLuWYpmOVRdlK1J3CppEbXQpFaEDex/sPSJ59rFQZQog7p73kBl5ecWrBJxTFWYDVyAATU8yBoAM9YytnY53sv9H7lWQDOchmYUl02LtYbidORO+LV/W1UlOmRmEAnhXP75wSt0wITl2ZaGg2dkZephCtNoZyxY1J1MHbMcUefzP8APYvdAbQROnKcyyg/04//AGEMN5yC1mcUzVgx4gwuXTZzIdJjZVWh3YWNR8vWHGXNAatRhZaDdU6DzqIG1YSTTtflCNKndWSQSrUIFOPGCNjkT7SApqUU0xGmXKusEJ1jUsSJSg7cjQc6mgiVmQALiOXspkPp5QWb8v8AL2a2a55EvvviplkInNmlqcIxNXOg7I8ojWZuUDmfrFiROLMAGqdKKtf+rQecKyXyW2yPL/hnz/aMgt+CO5v6o9gpmfxl+MF3WgCzCNpVeO0wRk5uabB9ID3KCuMManEreGY+kGbOSr56GoMNGT6Z7bu7lTLM5bt3GF2fOnsjMAUU6HPFSupJyEOQs2deEDL6sJYAF1RRvzJ8IpxIxZVaTFm6bfNLhV72LSgPA1qK8dYPXrfBr1aU3FqwOeaq1WUKhsix1avw5CMs93moLdnhqT4bPGFfhHVKMXJSkiKVLxVJPZWpZtmXrFmyXfMn0Y1SQBlU5sOA474MybFKKUdRhBqRXWmlaaxFaZ5fWqoNg+EKqM5ZpTdR19f+vqaScKAy7OAoB7Tk5niT98KRUn2+VLJKnrHrq2g5b4p2y0u5EuWtF3DU8WOyK83qJVMZLtWmFDkOFduuykA440u//X92Szr5mzGHaIz0Wo+ETyut1KNQ8DAU3xMyCFVzoAiivnrtjeTes3EpLsTtzr5g5QV7nRxa1GKQVl3gykZkEHfpBSzXpiycYhsOhHjFazWyVNUBwuOoXtDvGgrmMxA+8JRlsM8iKiuvEGm0aZQna2jPjDI+Mo0/zocrMQ664lO/Uc4RemPQyS7YpVJcxgSPdcjUEaV0z15wXuW8qHXnxg/elkWdLoRuIOlDvB8YuMrWjgy4XjnUumfPdssrynMuYpVhsO3iDtEQBo69efRlrQhlzQpp3JintDnURy297onWVys2WygHJ8JwsNhDaeFaiNYysxnCmb3fes2TUI2R1U5+I3HlDV0YvNGny2qxepJB2ZEZk667IRUNY2RypBBIIzBBoRyIglBMcMso68HY70cmXPI3HP8A1D5QlSpLOwC5kkDT73x7cnS3stKtOaupXrANCdC6jXPaPKNktXVkMpB3EEMOYpkYyUWuzvxZU1oNdLRh6uXTsqgqd9MvSnrEPR+/lZOpmkBhoxPr9eVYr2RplqbA8xqDtZ5gU5xPbrnVxhlJ2hq+/wCSiJddG1KkE59uqcJdnqQAEzr4nL4wVs92phDTHMuugJAJ5k18oU7nt34V6TVDUrQ1rQ55iCImTLQ+MnFXIbhwG6Fobi26i6XuGpthkJQ9c1OYPwEem9kQUkqcWhJG6KaXVMUHsHPbGi2Jh7Jgb9hKEH+qVlv+OTeHlGRD/Dn3RkTykacMHsgTdNvxTBM7gqFfaCGy12UND4Q3TQGXLxhBeYqS2RAwBzYnaYJ3BfjIgR0bsDJxu1o9dg3xoYZMbWxlFpmmiqTlujdbud83Pgcz5QMsnSIzJmFaFa9og0AFdpPjDYtpUJjNAKV3Q4pPs58kpQrilv2KtmupUBpkTt1PnsgXbrXLlNgljG7Gmtak7z8o0nX6SjAntFiABkVHPxiv0clY5jTCqhUFQdSWOhqfE+UDaekVHHNRc8j/AG9wvaQezLJzAqxG/U0gY9ZjYVyVdu7nzi3OmEhmGrUUeOUB+kMx5SJLWoDVLMMqndXxie3Y8cWqXkGXpemLFLkii1zI1fy2cIHLKOemQr3vupixZlBqARianapSgzB2+sbWazF3VBUEmnrmeVK5QzsilEis8upWoIFTpnsHiNm2LSWX/Vyrrpui9OsRlsVOW7iInsEvEwGmdK/PnEt7NOS48kDLVLo5ocl3bDl84K3s5eQjNXFUA14oCfgIDzEImFa+1h9czBW/2AlS0AoSS1NtO6POg8hD8Mif64lSwvQihFPsw6Xe4eWVOY08CIRLLWoCgsTnQDFpUbPEw5XSrqpxLhX8x+X1pCjaZh66mu9i7NtErEwLzQVJU6ZUypyyi1ZpmxbQHBywOBU8O0dsST7osmNneYzFmLEA0GZJ2Djvj1bvsR0DKRocTbN1aiCl7mTmmun/ALC7fHRWyzyeqX8PP1w4cKsf0af008Y59b7FMkzDLmLhYeR4g7RHa5VhlsuDrS49nHky/pYAeVIGXx0bM5DLmgNTuTF7w5j+8aRm0cs4RfWmcdwxPZrU0s5ae6dD+8S3xd0yzTDLmAg+yaUDDePmNkVAQY27Rz7i7XY/3JetlaXRSyPQYpbHNjvD6Fa7BnvAg/dtjmTMz2UOlND4fMxx81H3nDz0W6etKAl2kF00EwZuv6h7Y46jjGUsflHVD1TSp9+50D+AyCO0uI7z8oE2uypZGDq4wk5rvG+g1pGWvpJiSskBlbR619BoYCAPM1q521zNIzdHRjUnts6BItqTEV0YUYV+65xUtc/PI+sLNlscwCiNQ7FOgHygP0jv2ZZcKuAS1SKbhv3awK5aMZqMPI6/iuUZHJv9spnuCPIv4TMfjL3HiVZZdSQpYDPtHD8ImtMh3l5LRa0CgUHMn6xbsl2zWbtsqcFzNOZgnOmy5A7Wf5mNfLb5RCR6Mp+O2JH8JpUvkFzI35xdFqfqxLVmNO6ta0oa0FIO3lh6vGBQzAKVGYXWtNlcvKKVySKFqj9tYTe6Nou8TddMBpanXvjtHInaNkNnRiYPwsxgakuQeFFWg8oWbzRQ7Zig3HSCfQ+0K6T5a7ML/EE+gh1rRz5pcopP3Q02dMSaamsRXjbFQBWFa7dRlvjyXagQEqQSMjy/tAS+sRmAtUrTZ5GH40Tjx3PZDOtJY5y0pQ0OEZmug3xPZr6lIysFBNApw5UA3DbFOTZsQZANSCeW0ip3eML8kEmgFWBpTfu+AhL3Opwi9Mc+kTgsrjaoNRz+kV7FMGNaV7w+zGl7y8Cy0rXCgB56nzjW7trmuFVLGvpCfZEKWOi9KupXmPMJyDmi76Z1JrpUkU4RfnXEs11mTCQiKAEGVabyNBwETXHZKy0LbRjbm5LU9Y3vW11JUGirrxO6KelZxynKcuKfXn6Ghtap2JKADgKQPtU5cVZ0w78Az+EQzrQzDsCg+9TAe0zZQ782vBe166CIVvs3jjS/NhQ3xIXJZdcq1O/jWsY3SFWIDSVO6u7yhe/GWepp1n/SIls06zO1Mbp+tQw81zh0zT4cO2mNKW6zzDQqUPvZfKCEjGq1VhNThqITZ0hxVgQ6b0NaDjtHjFq77Y8tqq1OG/LaIL9xT9OpR+R/s/yxlvKzrMShlJOT2kcAkeBrU+sIV59CpE0k2R+qmCtZb1Kk+NWTwqOEP8m1h+0lA4Ga7GETTrCk4B6YW1qMiCOMXFvwee4pamjgl53fNs0zq58so2o2hhvVhkw+zSKhTaI7feVglzFMm0oHlMey21DvDaqeOuscn6X9GplhmAVLyn/lvv3q1Mgw8iMxtA2jKzGcK+xTu29JkhqpTXtK2asOI38RnD5ZumlmaWMYMs6FApYeBUZjnSOX9bGyTIJQT7JhmlHSOjz+nNmRf8sO7cFK+ZanzhHvO3zLXOMyZQZUy0VRoOOvrFOgP38o2RiBhG31gjFR6FLI5dm2CXxj2M/BTPcaMirRB0/+KOrFsVX0/KPkTA0s86aqsxJZgKk6VNPCJ7NIWYitLzB0A+9Ylsl3zUnIShADBtN2esc3R7nKNWhlZg8417q/LICB1+zBJHYIxOfTb8Y9lTyEYnaafP6QO6WtiwMNMETFWLadLoX3tCkkEkDf+27SLvRK3LKtSqTRZoKVJyz7tfEU8YFmSxFBXWkTCR1eE9lipoTsB+saBKFof3Ug0OTA5cNvxi4kszFOmevA01gVYLSZktXYVYCjfmoNedNYuyZpQVGnHbGa0xNNrXZRtNhmKjgDOne4cDWIui92UOOYBQGq1AzI214QxJbpbZOKZDXMQLvq81pgTTQmnoIekhc5y+VqvqCrznB5jMuYJoDy3eUXpFjZwJI9qjTG3J7vNoqXdZTMcZdkGp+kMd3IROoNCMTnjoo5D5GEtsMs+MaXgvW20dWmEd5oATaUZnJCoKsd52wStRxzTX2YBX3bRLAlqA1a4wdx3/eyB7ZGGNKl29gC873aZ2V7KbBw474EsOdP319RFnqhUAZHLjt28IleygCgBauYbYa8PCLWjpUSqEWuppv3eH3rG8uzUzNdtPPfF2VKAoK6rQ5ca/SNns4C5CuFSa7xrt3VMS5GqiSXVamSZiWmhpU6/lO8bPCDd8WRUCzUphY78geB3a+ULhAUV8Bnqfj/AHhkumeJtlmI4BCCoAypkT8RB2TkXFqa+zKl32oqQa55HduIyh4sM4OuIZE6jjHN5T7RoOO/L5w5dHrTUkHb8oUHTMfW4bjyXgL2uzB1IrQ7xv3wInXclss72SeudDnTusCQrpxGR9NDBS9prJImOmTKpIOtIr3VLYMjGpJQivDUV8406kjzO4Oz52vKxPImvJmCjoxRvDaOBFCOBitHRv8AFu5Qs8WlWTE60dK0bsUAem0UopOzCu+OdolTG1nM1Ra1CvtOym6mfjDJY7MFFaZ8oB3fZesansjXluhnVYmb8FQRlIyNsMZGZoaSbXOsMzFLAdTWito2XDuuPWHRb7kzJSTOsQuAC4qAQaZ1BOW3WF61IDWXMFVOn7cRCbe13NLaveU6H68Y0cFIUcsonTigVSdobT75RrMkGdKMsUxpmuyvL4Rpc1qlzpKOpyZAriuauoCmvjQ8mjya7K2RIIy4xz9Oj1YPkk0BpVimqadW+X5T8YJWa4wAGnMFXXDqx4Uid7bMfJiacMvhrG9nksz4WYDbmakDlqPGHZq5NqiG3TmqvVDAqHs0+f3ti1YrwD5OMDbR7J5boIJZhWiIWPvHJR9TFa8bGEGKZQDXCN/hry+MJpsz5RWiaemRpzocvI6GBzyDUg15U+9kB7Vfrof8kmg7wYVHkYsWTpLaHZUWWjO3ZUAEV8sqfDODix82ghLvZZfYTTPPeaa8NIO9F7X1kuZMoR2sOf5QDl4t6Qn26zmzuAzCY5BxgDsgmtQvAb+GyGLofOpYmelKu5pwxU+UEe7Fn4yguK7aL9mtAxNvpiPiYSLXNLTZhBrVifAHKGmzr22AzBAHkRCzJRgzqF0rUZe8MjXlBHouEUmzxgCwVR2VG+teI8awxXHKlupoRVQRg2LXXI6wt3qqSzRSSScRoKBRurFjoYjmeSK4QDi8YdWPI1x0auKZVr97IIXdJx4k95SPQxSn16xj3aEmhA8KDfBO5EIca6ExJq38rYDtAxOa0yNOAANBkOUGUTqbI5Pemmgpu488/MQOsErHMChcy1SK6ZnWL3SO04pglr3UyPpXLwhjkrlGP7v9gZZstSBkda+HyhnuBxiXnC4hzwrmDTxyrpDLcMupXZnWJ8h6n/DYy22hluCKgqRzyiOxNWYzbFUL46/OJLS3YPHLzNIoX5bls1mmzR7Ku/MhSfiBG67PB8UcS6b3kZ9vtDg1UP1a/pl9jyxBj/qgPLQk4RqfUxqssgVbNjmfH5mDlyWKg6xtT3eA3+Mat0jJK2XrDZRLQLt2njBCRLxVqQqgEsx0VRqTGsqWWIVRUnICBHSK8RnZ5Rqqn/Mce2w2D8q+pzjNKy26QS/jdi3TfSMhLpGRXFEczr1rsgIKmFu3yKVlzBUHQ7+I4w/W+yUqRp8IXrwsoZaHwO0HfAnQNWLdy2v8O7IxOB6GoFcxXMDfQmo2jlDO1qqmOisp0mdqh8Rr/eFW2WcglH8Dv4iN7qvcySZUxQ6NkQdCN4GwjhCnC9o6fT5+PyyGOzzOscIHPaAoEGEf1HMiGOyXUibaka0y/v4wv2K8kmPMmS0HYQKmhC4QRRd208Yga83l4qOcbnM60AJFeZPwjI70nJfK6Gi3X7LkjCM290fPdCfed5POarEZaAaeA3mK83E1SPM6nz1iuooc8htgstY4x67IkkGppmSNNddctsO112D8JKxFR17jPbgX3Rx2n9oH9ErOrzGcgFZQDHiT3fgT4QwqDNfGaEA+v7QSbMZtSlT6X5Qo2wFWLNm1dD6wV6LPWzTJY9lzQcCQ3zPlFbpOBLOM6H4wL6M3h1c+pNEmgLwDDSvmfGkJR0XN2hps70cHYTTzjLddyozTwQBQlgdNNYyfLzIggEW0SmlsRXQ+GhhR9gnKql48nNrbWZNODPEcqVzr9iHWw2drJINcONhXxOziAPnF67bnlWUFmILe8RpwEBrzn9ZMqKkabhw8NsN6HyWSVLoGUJPE6A655/fOGS45O0ZFqqtdlASTTbpSBt22HEcT90an72w13dKouNlwkjsr7q1yB/McifAbIIq2HqcvGPFEVolypCF8IBGddpJ+JMIU+aXdnPtEnzz+cMvS+2ABUrnXFThpn8oXpCqRXDllqTXM+HKCRt6ODUeT7ZvZk3V1yhyuWTod2vMwvWGTXPZu+UNt2ySiknKuzgImO2R67JUaNrzm4Qo0qy/HF8o5/wD4gdIhhMhDWtMXy+sEOmN/CW9Bmygmldp0rwAqfKOWTXedM3ljt+JjogvJ48pUqJLvspmvU90ZnjwhkRYistnEtQo8TvO+LdotS2aX1zgF2qJSH2mHtsPdX1OUDdslKkVb7vD8PL6pP5zjtH/hodnB2HkOcJ9coyfPZ2Z3JZmJJJ1JMakxaVIhuzXxjIzDGQCPoybmKUgDeFnw8oOO+UUp1DUagxPZYpW6QrLQ+B3coV7bZyDhbwPzEO1us2HlAO3SAwIPgd0NMloVEtEySWwEjEKEbDxHGGq650uaow0r7W+upr9YWrdLIOFtmnHlA8O8tsaEqw2iFKNm+LO4HSP4Wz9wE7zoP2ERvceebk8vrA7o100ms6SJiy8LGhcAgnLIHOmsN5cE9ogCMnFrs6l6jl0TXbZlk2YKooXYsx1JpkPvjF2wOAuAagfHMxWZ1KywuYNR4YqfKPLG1Zh3kE+sR5NUlx/kVOl9pLzClTRcuFdsLKTWTLf4Z7PWDvSYkTX4n6RRu2xGa2hIUbPvnGidI2UBu6PXl10uppjTsvx3MOGyCc0GWSynP6wk2mXMsc4NKJzGIbjiOjb9Ic7JbFtUtTTBMw1wE67Mt4/aIa8oh/K99FKfaHfvMTw+8oyRZsVTWiqRUk7PqYtmzqAXeiqveJyAG2K9hb8TMUIpWShxZjNjvYbOA3Z8kaOaS0EbtlY2GEYUU5V1O3PnB6d6QuXxbmlGiYRhoeQ4xrL6Rq8hmegalMI9onSkVHRzzxTnUl0LVtnNMmO7EVqafIDw+MWbHZSaV3eW6KNnl1FTpshmuCVicZa5nLZEs9CU1jh9ghclmqcxVVG3jF+9LcJUtnbIAVPhFtJSy1oooNY5P/iF0j6xzKQ9hDQ09phr4DTnyi4Q8Hi5svOTkK993g0yY7E5uxJ5bF8BTyi7c1iwLjYdpvQfWKNz2LrGxsOyD5mGqxWUzGoCAACWY6Ko1YncI1k/COVb2ZIloqNNmmktO9vYnRF/MfQVMJd8Xi9omGY2WxVGiKNFXgII9Jr3E5xLlVEiXUIDqx2zG/MfQUEAS0EVQpOzWseExjR4IsRkZElY8gA+gXeK0xo9dogd4zLIrQARnAG2yqcRBqZMEU54BBgAWbbIDih8DugDaJJHZbz+kNlplYYGWuzhhQ+B3RSZLQrzJeExdl3tOIw9a/ofUisa2iWQcLawPmIVMUF0dQ6KTy1mTExLK7ip4ti184MWO0CXMz0zBPPfwhE6DXjV3kk97trzXUeI+EOFvYE1GhoY5ciqR6eCXKFEHSW6yX6xVJVteGm6K123c5ZUAYKT2sqeZGsMVivZMIEwYaUArnWPJ/SAAURORP7QWdCnJLjRtb7skqFZ6sUWiqTWpGld8Jduxl8YJDVqCDQ+BGkG7TOZ2xM2IkCg550pGsyzIi4ppoTou08hCT9gjF1tglLVMmuiT5jFFzI300rTXmYbrpvGXgCJUO1QAQaBsyBxHH4QqzUdyMMvAg1rkW+dInlFkmKwNMOa89ldwh2DhyVGvSCzurM858LMASAO9rs8PSFyXamrQGg1gr0ston2lmB0VRTdlUgeJMD5VjrpnFaQKUkkW7JeJBAK1X4Z18YcbmviTKVmmOFGEZmvs7KDPSA1z3OHNTA/pbZGVerXV6eVfnT4wkrejDPm+VxYe6U9MpfU/wCTMBLjvD2VO0fm2Dnwjl0iU06ZTz/KPv1iOc4JEuXmoNBT2m975DhzMMd2WPq0p7TZn6eEb/pR5rdsvWKy92XLUnYoG0xX6T3qssfg5RB2z5g9thpLU+6p13mL96W38FKwj/5U1ct8pGGvB2Gm4Z7YQ1NTCS8g2avETRPNYaiK7vDRLPDGtYwmPQIoR5XhGRlYyADusyZFN5mses8QO0ZlmrvETPHpaImMCA1mqCKQMtMqkEzEcxARQwALtssoYcdhgFPQgkHWGq0yqGBttsoccRoYpMloBWSe0mYk1O8jYgPvZSOpWa0JNloUIIcBlOmozHA1qKcI5bPUqaHIiC9y3x1QKsCU1KjVDtZK6g7VhThyOj0+Xi6fQ7Oh0NS1ecbyLPU0ZsIGVDmTXcusBxfazFLJMmYTl3aE03mpoYns1kZkxElK55klm5mOdxrs9SD59B8EKMMlcbrQVOdK74tSrqRT1kwl31q2g5CF26L36onPEprUU2jSL19XkZbZ94qCKGlIEynCV1YTteChYgHOgH1+kLl8Xmq5U7ZoBwAyqQNYHPekzMJnvY/KKS2ZmarHM5kw63Y3UVS7IJKVeprmcztzhium7izAcRFay2LtA08NSTDrYLGshOsc5gbfZygbs55zUUSWm0JZJdcqgescn6R3u0wsKks5JY7lOzgSPT9Rgz0rv/rCTnQZKp2niN2/wG0wqXfZTNmVapFasd/DxjeC4o8zJPky5cVg/wB4w/SPnDYkxLLK/FTQCakSZZ/3j7yPcXU79I8uyyJhadNOCRKFXO/cq72OghJ6RX09rmmYwwoBhloNJaDQD4k7TAtuyHor2y3PNmPMmMWdySx3kxDURApjVoqiSZhURE26NleNXMAGpMbqYjjdBDAzDGR7ijIAOyzIheMjIzLImiJ4yMgAyNHjIyAClbNIHTYyMhgA72745RQTWMjIvwLyH+jHcbn9Ybj/ACxy+Uexkc0+z2fT/oQCkatzHxi50n/neCx7GQkdHlFFe6PD4RYlbecZGQzKXYeuX+YsGelP8luQ+MeRkEOzi9QchvrvJyb/AL2i7cH8tv1fIRkZHRLo4PIwdK//AKlP/wBH/hHOIyMhR6FLs8WMePYyKEaxjRkZAB4I3jIyADWMjIyAD//Z', true, '2021-10-21 15:34:15.493');
INSERT INTO public.product ("name", price, category, stock, image_url, recommend, create_date) VALUES('ตับหมู', 39, 3, 99, 'https://posvision.co/admin/data/img/shop3512/product/product81_800.jpg', true, '2021-10-21 15:54:23.314');
INSERT INTO public.product ("name", price, category, stock, image_url, recommend, create_date) VALUES('เชตผักรวม', 39, 2, 99, 'https://backend.tops.co.th/media//catalog/product/0/0/0000034587027_x3_19-03-2021.jpg', true, '2021-10-21 15:54:23.320');
INSERT INTO public.product ("name", price, category, stock, image_url, recommend, create_date) VALUES('ผักกาดขาว', 20, 7, 99, 'https://static.bigc.co.th/media/catalog/product/0/2/0213365.jpg', false, '2021-10-21 15:54:23.325');
INSERT INTO public.product ("name", price, category, stock, image_url, recommend, create_date) VALUES('ผักกวางตุ้ง', 20, 7, 99, 'https://static.bigc.co.th/media/catalog/product/0/2/0251599.jpg', false, '2021-10-21 15:54:23.334');
INSERT INTO public.product ("name", price, category, stock, image_url, recommend, create_date) VALUES('เห็ดเข็มทอง', 20, 7, 99, 'https://www.thailandplus.tv/wp-content/uploads/2020/06/zy.jpg', false, '2021-10-21 15:54:23.339');
INSERT INTO public.product ("name", price, category, stock, image_url, recommend, create_date) VALUES('เห็ดหูหนู', 15, 7, 99, 'https://backend.tops.co.th/media//catalog/product/0/0/0000033444024.jpg', false, '2021-10-21 15:54:23.345');
INSERT INTO public.product ("name", price, category, stock, image_url, recommend, create_date) VALUES('เห็ดชิเมจิดํา', 15, 7, 99, 'https://encrypted-tbn0.gstatic.com/images?q=tbn:ANd9GcRNPJPWSFiAM88GYr48ZUohz3u6_23Ya_f4rj_M3pZY40Qhpa2QIiYbz2UjzsIWLzRcuVI&usqp=CAU', false, '2021-10-21 15:54:23.351');
INSERT INTO public.product ("name", price, category, stock, image_url, recommend, create_date) VALUES('เห็ดออรินจิ', 25, 7, 99, 'https://www.kasethub.co.th/pic/bigpic/43a298be9f4259325acf35ec514cabcb.jpg', false, '2021-10-21 16:34:02.545');
INSERT INTO public.product ("name", price, category, stock, image_url, recommend, create_date) VALUES('กะหล่ำปลี', 25, 7, 99, 'https://content.fun-japan.jp/renewal-prod/cms/articles/content/d9a0b0e06f0f354446979c33e9be375c9768ef23.jpg', false, '2021-10-21 16:34:02.553');
INSERT INTO public.product ("name", price, category, stock, image_url, recommend, create_date) VALUES('เเครอท', 15, 7, 99, 'https://d1sag4ddilekf6.azureedge.net/compressed/items/THITE2021010209034679375/photo/menueditor_item_ba98768264b64f3387e8f54c5466dd0f_1609578211489368906.jpg', false, '2021-10-21 16:34:02.558');
INSERT INTO public.product ("name", price, category, stock, image_url, recommend, create_date) VALUES('สาหร่ายวากาเม', 30, 7, 99, 'https://img.wongnai.com/p/192x192/2021/08/18/a39ac68f5e5f478fa264d47ff2f72e42.jpg', false, '2021-10-21 16:34:02.561');
INSERT INTO public.product ("name", price, category, stock, image_url, recommend, create_date) VALUES('ชีส', 39, 8, 99, 'https://th.readme.me/f/19115/5b779abcca149d6e8f4e2913.jpg', true, '2021-10-21 16:34:02.566');
INSERT INTO public.product ("name", price, category, stock, image_url, recommend, create_date) VALUES('ข้าวสวย', 10, 8, 99, 'https://cf.shopee.co.th/file/53d8be848b663435acc72cafd301630d', false, '2021-10-21 16:34:02.570');
INSERT INTO public.product ("name", price, category, stock, image_url, recommend, create_date) VALUES('บะหมี่หยก', 15, 6, 99, 'https://pmknoodle.com/upload-img/P600x600/file_9.png', false, '2021-10-21 16:34:02.574');
INSERT INTO public.product ("name", price, category, stock, image_url, recommend, create_date) VALUES('หมูห่อสาหร่าย', 25, 3, 99, 'https://img.wongnai.com/p/1920x0/2018/07/18/b54de6d8cf684cdabf59f20f9459d804.jpg', true, '2021-10-21 16:34:02.578');
INSERT INTO public.product ("name", price, category, stock, image_url, recommend, create_date) VALUES('ไข่ไก่', 5, 8, 99, 'data:image/jpeg;base64,/9j/4AAQSkZJRgABAQAAAQABAAD/2wCEAAkGBxISEhUSEBIVFRUVFRUVFRUVFRUVFRUVFRUWFxUVFRUYHSggGBolHRUVITEhJSkrLi4uFx8zODMtNygtLisBCgoKDg0OFxAQFSsdFx0rLSstLSstLS0tLS0tLS0rLS0tLS0tLSstLSsrKy0tLS0tLS0tLS0tLSsrKy0tKy03Lf/AABEIAOEA4QMBIgACEQEDEQH/xAAcAAABBQEBAQAAAAAAAAAAAAAAAQIDBAYFBwj/xAA/EAACAQICBgUJBgYCAwAAAAAAAQIDEQQhBRIxQVFhBnGBkaETFCIyQlKxwdEHFWJygvAWI1OS4fFDohdjsv/EABkBAQEBAQEBAAAAAAAAAAAAAAABAgMEBf/EACMRAQEAAgICAgIDAQAAAAAAAAABAhEDEiExBEEyURMikXH/2gAMAwEAAhEDEQA/AMx/D2Kb9WCtxmiKroKte0pU1+oxEtKVntqS72Ryx1R+2+9lG3q6JklZ1qdk9zuQ/dy31oGL85n7z7xPOJe8+8mxtno+lvrr+3/IjwFBbK//AF/yYp1pcWJ5V8S7G28xof1n3IJaPoK1qrfcYh1XxF8o+JNjbVMNRSt5X4EWrh17b70Y7XfEXWHY02tOWGt63iiWGJw1/W75RMLrBcdjTfVMVhL7b/rX0IZY3C7rd6MPcS47U03cdL4WKskuee3wIvvqgty8PoYm4jY7VNNqukFNerZdi+hFV6SqztLb8e4xrkFy7q6aWrp6+1nU0Xj8DODjXquM2k9ZRm9V63q6iXpZZ3uYW4txsbB1Ya1oSUr31Xsur8NzJDL4Kq91rpqSe/Lauo00KmtnxSZFEinWLcrW33KdcsCYCerUT7Dr4mnmcF32o0OFnr0096yYrrxX6c7EQObiYbzQV6eVjk14bSaXOuZqilnyQg0xpwguABzKAC2ABLi2ABBUIxUQOFEuFyKWw6w24twFsIwuNuDZWNYtxLhDWAAaAKxEAE2ElaSfM0mGnaCa9l2fU8voZaLNHomakkn7ScX17AsXayyKsoXfMuxu4q+1ZPrWQKnlzLKjnunZl/RVbVajLZPZ1iSoPeRSo2z3lWXV262Ig1e6ObUpmx0Lh44uj/7IZSXHmVtN9HJ0o+Utlv5Eb2yPkkBe8ihS6TbCAgAywUBBQFAAAAAAAAEuQOuFxqFAW4CCAKIwAAAQChQBgAHU0LWs7dv1OWWdHztNMDYUn6b4TSkutZS+RPqIo0anoKXuST/S8pfI66pu10suIVXnSXG5FKkW5QyRDNBE2hMdLDVo1I5q/pLjHee44DC0MZh9aFpRnE8GqR4Go+z/AKXPBVdSo26M36X4H7y5cRZ9jVf+NUBuv4iwv9aH9yAdh8aCD2hoCAKACiChYBBUAAIAoAIgZLh8POctWnGUpPYopt9yNPo37PcdVs5RjST9+Wf9quZyyk91rHDLL1GTA9KofZNP28UlyjTb8XImq/ZJl6OK76f0kY/mw/bp/Byfp5eBu8f9l2LhnTnTqcruD8cvEyek9C4jDu1elOHNq8X1SWRrHPG+qxlx5Y+4oAhUgZtg1iiCpAA+nKw0EBqNEVdbJ7JLVfwO/o6tJU9VvNPUkuLjkmY3RFbdwzNdRq+nrbqsE/1wyfa1mSiepfK+7YRau8mmrjGgIc+BDViWldXaZDOO/wD2aggz4gOsAGHhnkNlEIsl2mRCIPaEKEFAAAAsKkAhtOi3QGpXtUxF6dN2aj7clz91eJ2egvQ1Q1cRiY3nthB7IcG/xfA9HowseTl5/rF7eH43jef+KWh9BUMPFRo04wXVm+t7WdaFISJKmeb29fr0fGI9QGKQ5SNRimzplPFYSMk4yimntTV0+wvykRTZKSvNukv2dUppzwv8qe3V/wCN9ns9h5fpLR9WhN060HGS47+ae9H0hWRnOkugaWKpuFRZ+zJetF8U/kduPnuPi+Y58nx5lN4+K8HFR0NN6IqYWo6dRc4yWyS4r6HPPZLL5j59ll1QIKKolRPgp2kjXYGs3SstsJa68FLvVu4xsFY0eg8Rmr7GrMQadxy1srPNZ8RtOK3+JXwmxxe2Dt2bV9OwlZIpnWRSHyZHJmkJq80AwQDCDosRAiCS4xgmFgCwqQIcgEUTafZ90e8pLziqvRi/5ae+W+XUjM6KwbrVYUo7ZPN8Fvfce0aLwqpwjCKsopJLqPPz8mpqfb1/F4u17X1HRoxsXIEFOJYieN7qkSJIobEkiakYtOihwqiK0a0xsxkbJJEUmZqxDUKleJcmyvVRl0jJdKtDQxNNwllJZwlvjL6Hj2JoSpzlCatKLs1zPfMZDI80+0HRVmq8VwjP5P5Ho4OTV615/lcW52nuMSiSIxD4nqrwQ+xe0bVsyiiWhKzQi1saVa04y99arfNbP3zLMmcuhLWpNLas11ovU6mtFS4o1YzD5SGT2535i1J33JdQkqUk46ytrK6e3LiWKjEJ/IR/qR8QKPPUOQ1D0jKBoRElibAYdSb1pKNot572twEOoS0sPdlrReiq2JqKnQpSqTk7KMVf/S5s0EejHkpOGJnaUXZxh6TT3pvYWY2pav8AQbROpJ1Xm2tWPJb/AJHoVCJn9AYaNOCjBWW6+3PiaGkfN5bvKvscWPXCRagyeDK8CaJhaniTQK8WTRkbjnU0QbfEYqg1zKzoSZFJjpSIZSM1uCTIJse2RTZluKmI3mc09hVUpzg9jTNHXZx8arpiXTVm5p4rVpuMnF7U2n2Ajo9JaGpiJfitL5P4HNR9KXc2+PlNWxIiSDIkxyINFoarnbii/hazSlSbyjK6XKX+bnB0VWtI7WJ9GpCe6Ss/kdPplaba2byNy6xWxtiqbdAL5N8V3gDbEIfEahUZQ+46nH4jEXMJSu0Fb/o5pzEqgqGEiqepGWtOCSnZ+vJy4uxVjSlfPjmTaKn5GjK22dl2cBtOpdnXK6jGM3lI0ejVkjr02cnAvJHSpM+M+6uxZMmVoSJYMM1ZhImUiqiS5qOdTt8CNsa5CNlTRXIY2I2MZmtwSZDKQ+UiGoyNRBXltOVjHkzoV5nKxktojTzfplH+ZF8mu5nBRoemL9KPWzOI+hx/jHyeb86eh6GIU05rOGnZmmX8zD847zJwkaTQVa948Uax/SVZoVdaKly8R7K2G9GU6b43Xz+RZVr59pQ0B94/i8BSjEIchqHxMh0FmdrRNK8jkUVmaXQVDK5rH2X0683ZJBQ2rrCpHMSO1dZcvxqYflGlwbyOnRZxcFLI6lCR8h91fgyaMirGRKqllmGatRY7WKEsTwGuo2E6ui6yW8Y6yKGsDkDqvKtcHJcSipCOQNLM5riQTqIgnIgqyI1o+tM5ONmS1pHLxtayZqQviMX0qneUe04J09P1LzXUcxH0OOf1j5HLd505CjLj7mnMsWdPRlfVkszlJljDzzEVp9J+jUhUWx7XyeRLYWFPy2Eds3Tz/S39SDCVNaEeO/rWWfx7TaLfk4e/4MCG4gGNQ8ahxkT4babDQcfRMfh3mjbaAp3p35msUqxNZiWJqqG6ptF/AzOrRmcPCys7HUw9Q+RnNWx9vDLtjK6aqEUqtyrOruFhIw2sqY9MrqY7WAnUwUiG4rmgibWEciLWGTqAOnIrVagtSoVasyqir1DiaVreizoYioZzTmISVjeE3XLly1GX0jUvN8sisLOV23xYh9CTUfJt3SoW41MUqFHQY0Isg2/QOtGVTyU/VqRcXnsvsfOzsU4UnSrVKUtzuvg/kcrQmJ1KkZcGn3O5uPtDwajXpYyHqV4xk/zONpZc2nLtRueYOKIKIBjkOEAyJKR6P0WpXw7f4kvA83gz1LoFJSw8oN/8kfGLN4e2ckVaGYynHedLF4e02uZBCiaFOtJKWRdoVsrlXGUs3bgQ0q/os8HyMf7bfS+JnvHX6dOlV8SzBnJpVC5TqHl09i/rDtYqxmSKfMgnUguQ64muETOQycyKUiKc+IUVKhVrTHTqlLEVjUiWocXVtcx2m8Tdtdh2tK4zVW3MyWJqXkenhw87eL5HJ40iAAPU8IAAAUBAZBYw87NM9YVNY7QyUVephnJb729dPtjZZe6eQwZ6B9nOkXFzp39ZKSW5ypvWSa33i5GsPei+mb86nyA9I/hPR3vS/vgIb6VO0eO3FuNA5qkpm86IYqdKGu0/Jyko625TWerfi1fuMFBnQhpSpGm6MZvybkp6t8tdZKVuO0suqae6Y/BRqxjUhb0ktnH9s5PmtsmmrcjI9Eemzpfy6k7K1vSV4vr4HoNPSUaqjaEZJq6dOpCaduV7o6f8ZZzF01e5wMY9ST4PZ80bTSkE83SmrX3Mzel4QlBp5ZXTe52OXJh2jrxcnTLanhq/Mu06hmMNirZN7MjpUcSfPyxfUxzld2EySNQ5EMS+JIsQ+Jnq32dV1BHM5vnDGTxEuI6naOk6hBOujnVKze8qVanMsxZua/iMZFf4ORjNIPd3kGIxBycXiTrjg4Z8qDHYi93fM546pO7Go9eM1Hgyy3QAAVkCCiAKgAABHd6LYx060JJ21ZKXYvW/6tnCLmCi7uzSajKV72yUXdLm1lYg98+5a/F96+gGD/inF/0n/Y/oB3/krGnmoqQIdc4thQY0c2FgBNktOrJbG11ZfAZYUCy8XWt607fmkRSxM3tb7wVR22kcmXaJcPiXF8mdjDYoz7Y6nXcTlnht24+W4+PprKeJJ411xMzRxxajjDjcHqnLK7yxC4vqGSr2395x3jCOWMJ0W8jq1MQipWxa/eRzqmLKlXEm5g55cqzicUc2rUuJKdwjBvYn3HbHHTzZZbNFJFRl7r7hfNpcDTCICdYSXAdHAyArAX46Mk+PcSx0LNq+780fhcDlgdmn0dqy9WLf5U5fBFmHRLEX9KnKP5kof/VibXVZ5IvRwc46uvFx14qcdbLWjLZJcnbJ7zWaL6KYZRUsRiqVJ7buSrStwVGCu31ySKWlI0IyfkteUFlr1Wtedsk7LKMeEd3Es8npH59V/qz739RSn95rl3L6CG9s6cNCos+aS4D1hHwMLpVsKW/M5cCRYOXDwAoDkdCOjaj2Jk1PQdTfcGnKsw8lLgzuw0RJeyyT7qnwLoZ/zWfDxQeZT5d5o46Ne9pdqCWAits4rtGqeGeWAlvaXeTQwLXt+H+TsqhRW2rHxY1zw69u/YOq7c1YVcX4Do4SPPvLzxmHXF9g371or2G+t/QnWL2qqsFHh8R8cHH3F3E707BbKUe27IXp5rZCC7C6ibSwwvCPgTLBt7jnz09Pil1JEE9M1H7TGom3bWBYqwkd7XgZyekJvbJ95FLEt7yeBq15FbZLvXyJPPMLHg+tyfwsY7yzG+UfEDbw6R0YRtGjT/M6etLq9JtE8ftAqwjqUdWC/DSoJv8AVqX8TBJSexN9jHxw1R7Iy7gu61WL6Z4iqrVKk5JZ2dSSXcmkc2ppyUnd2b4u8n4nLjgKj9nvaJ4aIqNXbil1lQ+ppWW59ySRXjKdaVtvwXNl2loeKznJvilkdKjThDKKsr7Ft7+I0Od90r3n3AdK/wC7AXUDES09wAGliG398i5RFAsZdR/MbitneAFHGrbX1nNrb+sUCVHMrEEwAzRBVIZgBA0SQoBTBWAACAAECCgADqZ0KGwUCC9hNj6yeIAbgWO0EKAD57O35CIAFAAAB//Z', true, '2021-10-21 16:34:02.585');
INSERT INTO public.product ("name", price, category, stock, image_url, recommend, create_date) VALUES('เนื้อวัวออสเตเรีย', 250, 4, 99, 'data:image/jpeg;base64,/9j/4AAQSkZJRgABAQAAAQABAAD/2wCEAAkGBxMTEhUSExMWFhUXGB0aGBgYGR0dHhwfIBoaHiAgIB8dHighHR4lGxcdITEiJikrLi4uFx8zODMtNygtLisBCgoKDg0OGxAQGy4mICYtLy0tMC0tLS0tLS8tLS0tLS0tLS0tLS0tLS0tLS0tLS0tLS0tLS0tLS0tLS0tLS0tLf/AABEIALcBEwMBIgACEQEDEQH/xAAcAAACAgMBAQAAAAAAAAAAAAAFBgMEAAIHAQj/xABEEAACAQIEAwYDBgMHAgUFAAABAhEDIQAEEjEFQVEGEyJhcYEykaEUQlKxwfAj0eEHM2JygpLxFaIWNENTwiRjk6Oy/8QAGwEAAwEBAQEBAAAAAAAAAAAAAgMEBQEGAAf/xAA4EQABAwIEAwcDAwMEAwEAAAABAAIRAyESMUFRBGGBBRMicZGh8LHB0TJi4RRC8TNScoIjNKIV/9oADAMBAAIRAxEAPwByCL64hq1I6DGgk7mMaOi7b+WMouWrCr1q87ScAuM02ZTyjpg+58sDeIbYFzpCJtiug8Azv2rJ03nx6YJ6Oh3/ANwDehxeyryNo5gdAdx6hpHywi/2W8S01K2VJ3/iJ6iA3zGk/wCk4d6ngc9PjHoSA/ybS5P+LGpw78dMH5KyuIZgqEDJSumIXTFh2xUq1AMNKUq9anis6jCv2o/tLymWlaZ7+oLQh8IPm+3+3Vjl3HO3edzZ0ip3SH7lLw/NviPzA8sDE5L7FC6p2j7QZbLhlq10Rj92Szf7Vlhab4RM9/aNSBY0suWYkiXIVdPJdIBJHPlfHPzSO/1xEcfYIzXwfOSYsz23zjWVxTXkEUW921N9cCcxxOtUnvK1Rv8AMxP5nFA4K8I4DUrQx8FP8TTf/KBv9B547YIgHPMZoeKvUT74vVshUC6hl6kETJpvYbT88POV4TSyqhlpXI+M3fc79JjkANsFKGU7w6V1PeTp5eZBFgbweRHnheMEwtIdnPDMTiFy2pk6ikF6NRQTALIy+14E/wAsXKaU7fwHMf4d/WDOHxaNVRLLpBafEojc2vsBO2KtemrNITS3/wBsgRH+GNPT7uFudP6V08EWiZCWq7ZaQfsbEReRUF5/wvzHliymT4Wwu9SkT1ZhFurobfXBzKJUAVjmCJ3B+6P/AMTAnbY4M0+FVhod5q0pGpRR1SLW1CCPPwn23xKXPyBPRxP2K6eGcBLm57tj7pQpdlMvUM5fO/8AcjEf7WU/IYkfh3FMv/dZoVF5DvJn/TWEew64bs3wnhdUaqmXIN7orAj1AXe/rtgWvA8iNa0s1WpswApsXZ1Qg80jmJFyYnkcE2o+0vHUf4KW6h+w9PhQYduc5ROnM0PeGpn1m4PtbBHL9tcq6yy1Nf4Tpv7yAffArO8OziEGKeYA+7SI12/EkX9gcLudamSVemUcbggowPmCL/THKvC064GNvVpP8oG1alEw09HD/C841XHesyUu7UmdJ5fQQD0wNasTzxbPeKsDxIdlYW9hy/0nEApo2x0N/iuvsdx7z64up02gANPr+VK+qZlw9Mv4943WZLOvScOhII6GMdi7GdpKGZpnvaatWUX5ax1MECevz6xxerSZTDCD+9uRHmMWOFcTehUWohggzhzXRY5IDI8bM/PMbT9Dp5L6Bo5yj3cqqoAblLmPMyefPfG2UCsSEqhlb8RE/wA+WAPZ/tPTzKK6grVX4gIKkR0Jkch5G3SSVarS1CsqrBgMsXnqIH7jHcJYc56e8q+k5tZhgG/lnsQfrOaInIREkgiTIMgyeYP6YhNGmGiD6nnjXL11AlSzKTzNwfljb7WVIIkX8JPI4LO4TRIt/C1zGQm+kW5wFA/fTAfP8RZfAJe9iPDH+qJP0wZzPFah+PxGLH/nFFWrv8QZV8zpBHvE4kqUpuVXSfbxR86K1lMgtRFqE1QWEnxn+eMxLRDBRD0/mP5YzEkclw0ZNnD3UasMbFxFr+n9MRUaPX+eLwQdPniUhJQ90J2t6f0xUrZTf9f5YMVGAG/zxRzFaMfBdlActW+y5qlXH3WBPpsw91Jx1ribjSKliF8R80IhvUaTqjmVGORcYEqT0/e+IuJf2lvSylPLUh/GVdLVDeFFlgddMb9POcU8E8hzm9QpOOZLWuHkn/tL20y+RSKzFqosKa3ZuhPJQRBk9TExji/ajtxms6SpbRS/9tDb/Ud297eQwKy2QqZhtTsSzbCSXf064l4hk0y0ByrPzRTKqejNsW8htjZHDuIxPsFiO4lmLA27vnycuaFrl5v9cT5PLs9RadJDVc7KATPsOXnthi4D2aasO9zRalRBEJEFhztuAQIsJ+mHXh/FaVIMqU1pUDRZR3Q0tqJAUlt5ABmZOOEtbkqafC1agl2SW8l2QpUH1Z6oGaA32eibDyqORAjos3FzGDGV4fkatTR/0+kukEyCTt1GoT7/APGZXKq4pOrHQWYPCmVKiwk2ltQgD/EbxiHN1tLMqKN5g+YvMm5id/Tywk1Dmten2fTgj35qHivA8jVIqU6AQoDK0yQjmQR4Z9RaJ1YrvXkCB0hViTygCDAtAHnGLXC6L1TpVA+ltTrYDTJJE2EkWF9yfOD/ABvK06AFRFPeIQabWBQyZEzDRta1sIbULwSRl89lou4GjSc1lJ1yPP1vbyjyvZABwfMuAVpsQ7RpMLeAQSG2jUevOMenhWYpmFD3FirRebje+3pfFitx3Nv/AOuEsT4QBt1jY+X0wPy75hyT3zOecaiBv1IAwp1QaKilwNUgl8AdT9ke4X2cqV3Bqh6aqoBZ2J1eQEzuDO2BmQy2uo5YmhQBKU11A1Hjcsoss7/oZx5xLj9buPs7U1tYs06uu0/W+JezvEKoQLSOl0uYG4kDy9L/AIpxzG1xwAfNl1nAVo70vgDIDKNybnoqyuxYnL0AsA+JzqYQNwXPdqSPwgb+mLXCOKoyhTAeoSCZJOxuSx958sS0e0lfWaNQiqrG4qXlTYiCCBIPLzwVp8GoVA4pJ3GZIKqHJ7tpv4STK6hsfphYaQcTc8rqpz2saRVbAMQQZ1zdN4E7HLmk7iGWakquZBtDq1iTtFgRbFrglei7MMwpqsQYJ0kLb4jLAn/cAcR53OMC1Gshpsgggm9oH1FueLDfZzlFXvl1BtXhktPIDaBfHDE+HTdBXpeG95223tKp8T4UKSLUp5lav+ECDPqCy/Ub7GMB+IZgu+mtT1EQIqL4to+KA08sXM1knkgrJgWFyOhMTFup5Y8CHQddRdIEstUavLkCZPIDAtffK6kdwhIIBkDOwyS5U4WhHgYqejmV9JAlT88DXGlilRbj5jzB5jn0OGfij5dlVsuGBAioGBieomd72+WKjUEqqFckEbNuR/MeXyxS2pusmrwoN2Z+x8kGIZR+OnzB5e26nzGK1SgDdDI5g7j+Y8/pixXpVKLFTt1H7540j7ymD+/likPnNZrmRlmt+CcUfLVVqoYg38xz+mO18F4lRroKyBJIsI8rg9TM+d8cKqLNxY8xgp2Z482VqTc02+Nf1HRhh9N4HhOWh2/jf1SnYmHGweY3HL9wGW/6TaC3ulDJogldQJuVBsPSRjeAdmcjpE/v1wOyvEqFanSVGK6x4WkaTEWnqwkf8YuVKDoSJkdLgjBEEEt1GfznputKm9tRoeDY5eseoNiMwbFXhm6aKRoBP4jEj0iIOBFaopaSJJ5kkz88bsCCBIg7xiX7OFvYg2BjbrzvhTlRTDW33Wiv6fLGYKU3pwPAp9cZj7ANl3vuXv8AyhAzOJFzJ5n5YELX6A/l/wA4nQzvb9/vljDdKIBXWzVrQPr+/kMUczVsSbAXJNgPfl88Wu9UDf8AQf8AOOf9su1E/wAOiwI6/wDy3+Xz6YGkw1HQF9Ue2m2Sq/aftESTTp+9r+/n5frt52f7PM0Oy6nNwrTpX/E0/lifsl2faVqMoNRropFgOdQ4eV4ZCqpJAYyVHxv/AJj91fLf03x6vhOEp8MzHUz2+/zL2Xj+L4yvxtbuOHE7nQb30GmcnIWQanQOllotf4XrkXnmqARa/lt7Y2y+Qo0NIjU8fEQWKmLD/CfSBgvxCstJAtMKX38IAVEi3/H8sD6VKTAEKyay0STJFlJmCSYk8jhPEcSXm5+fdeg7M7Kp8M2QMR3IzPLYbRGUCyp5yoxPil2iSOSzA/c84xFlK1Muoqm15AI53jykmOe56YiztfUTSWVC2fmbbk7bnrGJ6IFKh3gvUnUDuBNpi3ivvy9oxn1HSYByzXo+EoA/qFjYfMvl0ar5sU50oNCD+DSgzqNzUaec8z123wE7Q1O7MPIqMoYA7ywnkZM7gHaR0wb4fkatWmuZ0MSp8K01LE+qyPDHzvilxnL1A32iojEk621KV5qAsHZdIO07C5m/HvEW8/8AKayie9FMQALHz2A11JJ/u1VThrdzSbUxR2K2W5aSJuDcaZ+dsVOJcUao94OrlBIHobcvrixme8zdZqgplCdlpo0AAAACBzj5z7G8l2FramJ00xAC94d5F7dZ5TOEQ9whuSqLuHoOBqwDGXpbfr6JZpUSFkoDvaBawPO5Pzxb4dlKrEilSZjMGF2kbNaAef6Ybh2ayuXBfM1gy2gE6F9hOo7RvtyOIK3a5KZZaS6RcKzCF1lSVkbm/iI3jeJE/FgpxKQ/tHvjFEYvOw8tz7IC/Y/O7GkWG9iBHL5xivW4RmqNzTYBhBiDNxIsbWXfB3Occrl11U3LGDqUk6gVZQUUHw09emQN+cG2BHaymlQjRTK1CBIUSCecSJBACgwYM7b4+NNkS2fnRUUOKryBUDL7A+/j216QFBmKbwpKsTYhosLXEESPFztseowVy2bY0NGvTAMEg+dieQ3sTyt0Cxw8u38NFIbmwJG02PIyBG2GLJ5vQFpeHV94D4WnoDYVF/DYMDa8a203mZCLiGjBhN4M/wA6x57m8C49pPVqsMrmjrWopNGpuVKm2ljuN5E7D0wKGQo0vHUNRwE1iANLXIA2BBmAQTuRaL4v8VZqn2d6eyJDaDan4jAA3DQJJxZrZmkpzFGuO7JIKAwbkTtsTJP06TjlNjSS3b7qV4LGY287CxBBibciPPVLed4tmKiGnT0gFpKgQT6hf6+++BvGVKkUirJpM+IEFpkaj0FiB74dK1agvdVaSgMpOllQEN4bjw+OefhluqsMENWXz9EM6JUCm+hgxjnoZbzzixOxAO3KfD4byCVncV2piHdNYWjM8/muf3PMsndkRyYnfaPPewkDFaq25O83i30wZ41wOolZ1p02enIKlfF4GEq0LJ0mCAT+E4F5hSoKyCLarXBvYk/z/LAubdKBBavMzlzUQAEFwIW/xbHSfO9vP1sBYQdvIg8j09cGKSmYF/6CTv0A+mJc/le/8SCaw3AH96Osf+4B0+IeYuym6PCVHxNGfGOv5QFoPriGok+v54lI5jbEhWROHgwoCER7Lcd+ztpcaqLHxLfwn8Qi8x0x17h3EZAOotTIGhywMg8gYuQOvzuMcJq0+Y98MfYrtKcs4p1L0iQRN9B6j5/u4L4xgNmCP0n7H9p/+SdsgpVf6dxeG4mH9TdZ/wB7f3AZj+4CIkBdnzRUKrghqZbSbxFpi2/rjytmVtpgriPIIlSkLq6A6zymZAIA9b3585x5XWn8IUQTA3t1t6YFuID/AMlj9FqNqU3R3RxDQ6Eb/ArEA/v+mMxutMDZJHLfHuG4F3vClcOedh+/3fGve/0xVavO2KfEs6aVMufQDqeQxgOvYJsgCSqvavj2hTSQ3PxxGx+777m+3rgJ2W4Majd/UEgHwj8TcvYYG5bLPmawW5vLMfqcdFy4WjR7wCAo00x59cei7K4JrR3jsh7n8BeQ7b7Rd/p08z7DL3RXIUjSYMD4h8UMBcxzJFliLbTi1nG0lmIJdx/DXci9pIsL3n+eLdWkq00LAMiqNJJksYsYO3riq3FUFEoEOupBYgifRdyB/XHK1XG4vOZ9vgXoOz+E/p6DaIuBMncm58gNtrIFWlmFFfiJGt/MsABbe5A98SdoRXpsVZgCkABABqZtjyHImQNgZ3xBWBWojQQqN0Pic3AG8kC/MzhgWqveM1cBTCiPw09gv+c8+fLriBzw4lmvz55rfo0CwCqcs+cyB6fa3mj57MlhpLMTFjMyZvM7jcDyA88EOzPCTVQ16gHdKYUH756enU+w5xVPDnzNQimIA+9yUC3L6Dn+TJT4qmXpKlIhgghVMaeZJgfESTztMb8oi0A3WzWrugU6GevKc+QJ367I1luJZmoi+FKNLYFlAB/yiJY9As7Yr0+OpBT7U7xMpp+ZlzaOhA2xQztdq0tmGuFgMssPEs6doG/lzwtLw+XjV4fQ7DczflhjnkRFyVJS4Ok6cUNGwFvVwk+xXQcl2gpEH+JUACiNRiTHM04AJ87YDPxzMMjaszTpyDGggspG34iwI5zOB+ZSmrTSqzI8T+IQLCGgXj3mMDTw7UWqpVLhY8RBmesNtt5jbDC42AQU+Co3MQDGYmPUQJ9eStvRMB2AqNUk66rMAQDZoDSPFMCTYSIws5zOMzrZQqEhdCkb3MTfUTeTfadsG83xAldNS4AYAsTzkza3PbyxY4RwWnKFtTh4I06RYgwLyZ2HLe2J3ukqoUhShzs9NbC9tBbyEz0lzPEBUyQCwO7haihiZkzqE7iQNjv63zhpqikNNdloszqVJnV4BYCLWNzYCx3tjOI5VcnmzSJHdssldOoBTa8EROkjGtXKsNHdLUanTJcEDctpMed4W02WeV3NJnxZi3PzQY6T6X/j/S44gbai4M/3TYXyI6h0oVwxFJWCD7q/FcgA2Mm8LqgjEgZswQoH8VLC9j5E7SWG5MbYY+E8NrIn2h37u2lrjY2a9/EbQIIsML6CnrY0Z0iIa4JG3LaSRby9cGRhNtUdNwqFwBBLciJzyvPzPrLw5ghptWXxBpNwSQCQQRNzq2k7A9Ri/wAdyiOtR6gltIqq3O7LKzsVbUTt4SB1OKZygJ0sIgSf0Aj8vUzfBCgDUzHdXdP7sTAkABLxYN7cpx83wiyCs0HxE5AnpnbMfkciljKVKiKxChqfhLLutzAuDIabAiDv54K8GFE1xWo1Tl6jEaka6VL3k8zvDGCJks2GfN5ejTrtlFAFEKEeebEK2qSDqYBlN+hiwsvcS4F/FZaKjSo3UgkxAJBm07wNtWCEjIqJ9KhxNi2LSCdufM7bRfMpto0Jp1VLFUeQrqpBSZBBOxAaSGEfFtzPOOLdm3y9XRUujmVYTB8wYg+mDuRztWk5RXiA0C5ED4h6+E2MXi2Jl4kMyg0ytVRJpiNDxzUGfFF+RwFR1pASKXBdy/xmW/YzHl7jfRJq8NTutQqjvA0FIIGmDzib3+YxlOn3Sd9qEKQQb2a5WD5x88XOJ5VmANFlaDdQgVmJvbm3MQLiOc4vcA44tFTTdCrNIJ3HoQbx5XwmTiBtCPiG0qbXNY12PScvz7LnSqQB0jGLYxyOHrtP2U/hjM5USI/i00iI/GijYdR7jY4STRklOfK2K5kSvNFpa7CcwtSsH1xFnstoI/CwlT+nti7QpF0JG4scT5Cl39J6P3x4kPmNx7j9MUUB3ks1089uql4h3dRUOWvlv0+kox2H7WtQPcO0IbBj93yM/dt++XWslVVorIGLRpdAQYBI8SiJ5XE9cfOOH/8As+7XGm60qpk7Ix5jaP8AMOXyw+me9bgJg6H7H7eh0QYzwri8CWG7htu4cj/cN/ENZ6fU4vSkw6/P+uMwA+2aSRoFS5OsqATJJuJ849sZicuqAxh9nL0LOFpOaHB9jzH4QypX/D89sJ3aTiBZysyEt7nf+Xzwy8QzARGcyYBIn99cc/YF6gBmTvHMk/1xm8JTxOlScdUwtwp07FZA9yakfE9vQWxY7a51YWkDIsABuRN4wV4R4KJA+GmoW8bx/XChQzIq5p6r/BRps3XlpH5z7Y9fUGCk2k3M2/K8FRPe8S+s/IGfWzR9F03iYKrTUTaCyKJI23aYAi204lz9OrSipC0kiRE6mvsGgna8GPUYDZ7Nu5TOUWcrUAtB+8oOwG+8W+6MNXBqZzixrqJpjvDZhqj8LggtHlacedfUxuLR0+fZfqVKj3VBtaoARJmdOmk6WOY80B+1NVYd2jFiID6JIP3iijZjzMkiwxb4h2WqrQFSu4kNPPVFrFjBB6C8Ya6PGKGWUqqkUlWBI0lnkyNECPM6QL4S+0naBqzgslQKDYB46zECZ/xeVonCCA0GblPp161dze7ZhYNTBJ5X+gynRRZzOwjZakoy6ICag5ttzAPzJHSThay2aVHKMAZEEmdvIMQJPXytgxV4mwZhRQorLdAsho6m+onq2K9aoTJKU6Y5AqVI9CoVfmcJeQ9aXDtNNsBud87zuevM7ItnON0TSCplYNv4jwpI5gSC0H/DfA0ZunUXV3ZNTVYBrciSEkzEDkB12xRUIGJZgTFoVT9dh+eDvDambrf3FKqSdm1MFFxvsvLr1x1oJzPzomGk2k0OAtqS4gcxLtPI9IVhaGWanpqjMBhEaVUiecal22kkn1xSzVPJ020FHYwBJdBFjyUgTODeX7EZxjLtT8QIIZ257yFXScVm/s1r/E1akBzu50+gIuPfBlr9ApKfE8KCcVePJx9oP5lQ5unkDTp6HXw3KNYsYIAZwPgEmwF8R8ArXMsrlG1AOsCbwVi8AnDJw7+z6ijA1Sah5AeBfkPF9cH3yGUoKT3VJQLyVB+pwQpucQXACFFW7Q4VgLKZe8nUxucpv7D2hItLsvmXqmrmaqMGu8CdQiAJCjwj32AwzZbLtTlKYGkjdiBBncQCOe3O+25uZLtVlDq8YVVgC0C/IfLAHP8Ab2g5ZVQg3gv4VttJgxO+HEsaJB6qE0+NruwupmBpEAbbLbiHA67sqirRKGJpiVmwBIViRa5gHCp2l7PU6MPQY6SxGgn4THzjkAevzqtxysK2twdyVksQpboZBNtoIFpHPBrj1SjWoU61V1Ss99NNQ4cTBYho0NqBBAY7c8JD2vblktqlw9eg+nLpBt4W5m5uADNoM5jSQJQCnmStXvCJ0mdLcwGkoehIMQekYZ/7P+D97WOZM6EJ0g7k8j7AmfMjCln86ANNMo5JuxpqrctiTeSTMwfXBjgXa6tTTuhoVVBAOm87AjYfEym/njjag7y4VHE0a7+GcKVibXkW5AjWY6lH+1uU099WfZn0gAwNOlArEjn/AAWGm9mv5rWRemKyOXgxbaCQbyTy32mcWK3E6tbTSd2fUJW/O9onxXUi3X2xV4rw96UE02WQJV7zefASNhG3p1wyZuAlUKJp0xSe6+VrWiMjfTPlc5KavlguaVh42qtEiVGoMAGAiw8JtN78sD81w9qWZenTOnS5KmQIgkiLSbC0YYPtYqLTq6T3jamBg+EwRP4fvW94wN4hTTWagZjAR1BsTIFxI6SCP2CqNBYp6Ze2pDto3uD6cst1D3Cs9PMKYp1Jd/IqJcARzjV/qwlVa+vxEXJkkb3v+f54aWqMaVSiCEU6dEf42hp5/BPyIwpOVE6SSoPO0+3LCWiWzGf2U3FOIdhmwHtmPZMXZ3jvc1F1OwU3MeKT+/XAXtzwxMvmy9MlqbaagkyYe5v/AJp+eKrMCpIsRyj88EM1nTVygp1JYBiq7nTrUsLTH95TT6+mCYC0EaZ+mfss7im94cc3Hv8A4Kq8NpCnnFQjwV1t6kGOn3gR74rcUo/Zc6QshDDL6EbezSPbHtSozZLL5gQGy9buwRvsHE+hH1xY7a8Rp5lqdSmmkgEE9ZMj5X+eBovc2sCOYPm029QoqzWvolp8+hF0I7T5QLVFRfgqjvB68x8/zwHBw05hO+4eW+9QqA/6CIP6YV8anEtGPEMnCfXP3WXwNQmngObDh9MvaOqaMp2zqoiqVViBGo7n1xmFbGYIcZWAjEfVC7svg3GTSb6J47T5yVVPxGT6C/54C8CUGpJkkGRGJ+0D/wAWDyX88R8FrBZsTbliPs5oBb6qrtN5cHR5Jw4jmiuRK83MkyfSMFOyvZkZTLDOV4apUh0pMtl/CXncidUQIMTMYMdiOBZbP0e7roZpim3heJBvBHSx9b4vdvqy6mCwFQaY52H5fyxo8XWl5DdAQoex+DsDUuHHF+EKr19CFhUBL+IqpnYz0ndth+kYuf8Aj8GkaQSrSPwkqCXmwsSN7jlzGIcjlKT5NKiNJJlztpgfBHO83tjyrpKBmDDRDakWdJB8JIiCJF/fGI3EMjp5r9EdToPHjbJBPIjKOmXsgvEUem2hqmgx4oktMTcCL35kYqZIsW8TVtO9pm3kSIGHvs7nMlmFarVSmaoE1AVB1nqsyYP4bemIc1xGpVLrlcpSQJ99kH0MBbe+EsZaQbdZTjx7wSwsgjMuwgTykEpaOWeqCFLnndBb1aTHLcxjT/ptJDL1qY6op1v6eEBPbVjTtBmNfharULAXBAKzaygSL3MmNsBK6AAEC02sBzuBG484GAe4AxCu4fvHtF4B2H3j7Jjy/EsvSY6cuXt8VX4fUovxD1Y4lznaHNVVJViEUgDuppoojaARHrfAikVqLC0zaASATc/Tljx884Hc01KhrELMNY7gTqPpERsMMJtIKLuGl2ItBI/3GYHvE8oG4CYuH8Zairp9oqd8LqUfVTOxIiN457YI5Dt1XQQ+ip/mAUnyJtHyOF7KcHrl0gLR0AHXUZVJJ5wbx0WLYu8QahQDU64q1KpbUQg0KIuAGImNtug646HuGchR1aPDVXRhDib2zGhyyHIu3TpwPtPTrK1mpsLsHMgejbaZH9MBu03EjUOinVosNyFeSxg2IAgD388JOc4y1RdMhFnw0kAKi/8A3E7z1xFw3NlJ8REi8QZ62kX58/TBCvisUun2M2m41W22Gcdc/rG6O8OywCkOJGvSxFhJJhlNpiwII5DrAEcVyISZGg6gGH4jvqWIAHOJMSuLlAo5GmqwI+HXTMTHLTMWPl8sT9pqbLUWo1NmASFmSszYnyjlzt0x86C1V0sbK8HWeUx5wL7oXRSt3bFBqQQXVoYeRM/eneLzPTGi8ZZIQ0aUUz8JUkBtRk3Y39+WL9Oogy01Bp7xtShN4UkQRICqS+5xTr5CHBpqWVidAsxiIHKLY44QZadE1uAlwqN1MaAxnebkXGWmir1aytTH8FVbUbiQbdRNxcQT0ONs3lAlEabM4DR0GyX5zJP+33t5fhjICXAZtxSUap82KggAdJvHLfEGWytWrUJ7uqzzeNxzuvpsLbY6wWujLmk+E2BnO3lfTWd7jZS8L7QVadWm9S6qNIEC4t9YO/8APDBSz1WtV7quwKQHpgDw6TYETJB363BwD4zx3vCKZp0vCIDhPFI3kgxc3Mczhnyhl6YiNGXQgDmXZjebkAH6nrhlJs1IxWCzeJLQ0PNMNJB5xqCLZ391Xz7ETRpN4jcqQL3kWvvvbn1jGr8PLVFSto/udTKsysKRYbAi1hNx6YnRTRqVMyx1ANppDmXiSAOgnflc8sDaWdZsxRJ/vKgudrmZ+Q/IYrfEGfl7LLON58EWGes4STfYC55281ztTl2onui2oswfWDGoRCn/AFS1uq4WSxkg3iw9OW/7vht7f5dhmkYgSaSyfMFgf0wqE+LY26eWEERZSmpj8Z1XinUb88W+HVdBcRI0yPVfGPW6gY0yqkq4UbQSYvYx+uJMnUVaqEz8QmY63+mFa3RlodTnU/hCKOcX7NmKIBhqgdL7Qbj/AGgfLENUlqMztHriCsuh6tPoxXbox+WPFPgHphmDCTG6xsci+yZey1APQr0xPipNb0E4SRh+/s8SasTMqQflhLztLS7AbBiPkSMaVf8A0aZ8x891kcF/7Fdv/E+xH2Cq4zHsYzEq0kZ49/f1PKB9MScMcBffEfFL16nUnngjwjK+APpD6WBKmRI6SOuC4IG0bKbtAtE4t12/+zkinknr6bkkjlIAAH5YB8ereFmYBmYHXJMeLkIIPvg/2J43SzOXagEWk6L8AmFGwg88AeM0/wCGV1XJ0zy/rhtYwXl2aq7KYHBjWXyA+/uhXYbMAd8k2JgLJ5+17YZeM5JEyqsFmHPiBuJBsR97kMJnDqoy2dtMMsmeeGLttmSxSkqgd0kiNyXAO+MxkNYW7fdezqMc+vTcMjc/9bfj1SzlsgZNamWRkMDT8UgAlvQWt64K0O0T1KNSjUdjUJEQxAI5kbz5rbriTg2dWrSComlkWCV6jeesm5J64XeM3qFlkEbm2454Rk2RrmrWU21nw4QQZGUiD9Ct7Akao5SQZnpacW61EPSp00ZGIJAIbSRfYq5BM3aRYbYn4VVpVrOVSqQRBGlSYsQQLMOmJ6nDnp0yCoJb70AnSPwkbSeflgIkSqHVQHAGzgcjraCbQSIO/LOyjyATLkgaqjkQWViqDbYC7i1zImMacT4w7ACmDSYA6+70qD0MrF4GxnG1NKZphRqNzBYIOWxO8zPOIwMqVCrxpk9CN/aPzwWI4YXWUWPqFxEkb/LdMlJme8VKbt3hVudQEjy0kEkW5dRivVpd6CyI4jkPEOW5sevLBpshVcAVFp00IMGoQmkzuFnf/Tz9MWctTyOWdiXas4G1OyDlE8wfMmemPiIsckJr4RDRLv23110G1/uhvZehmGZlRSygQwAETBiWI/IzGGXh/YKtUYNUFOmAbRJNiNxJB5i5m3PFCl23YSuXooijaRJn0ED2xa/8SVM4nctUahWUSjKxVWtcMBzA8+WGU+7w7qLiP63EXsDabTmcyBuRMefK94TrkuzWXpHvH0k8zAUf8W64u1s/lWle8pMfwhkJ9IJxxytxWoEnvWJJNyzT573iOuJOH1KDya1RgxuQFBE3HXoJth4rD+1QP7Ce7x1qjjtDftmOiZuN9pcurNTp5NC58Ld6oHPmBJ6GLYBcYr5xlGqiVS40JTKpsLwu/UTIscCM/wAXqiUWoGVYCsoGqwsA0BgMa08/XFNGJJSTBkzNpv8AvfCTUxEgrXocAKAbhAJ/cXE5aTl5XjdE+C61fTXQg1Ph1AjUZAiTznb9Oe3G3rZdHSlVcJUJ1XkkREE+nTFPP5zUEqUWKkHxAExIgyBODXdfackkTr2EwS0ETc+U33xQwS0t9Ck13YHtqPFiYcDodDrl5m+uiTcplWY6mnTBLG4sNyOsYauxvEjVqMSPiAAiZ8I23iwUcpk4G8SzCrRGXpReFqsCLx90dRNydtt74k7OVhllZ9OtrsFBEhYuxvcWFvI4WxmB4jqg4iq6rSeSM7N0zIvpnA9kR7RcQ70w7aJtpiYX+ZME9YHpjfLVtecpWjQisLcoKkfT6+uB1bhRbxq1nIIFyCSZA89/rifimZ7nMpSpiCqoOpLA6tAMxBiL38V8UgFxJOXyFlcQWUqQaz9UOG2kEfCUR/tCyysiVSwVllbzcfFHraRPTHO/CxBMLAiRz5k47Jn0WpRKMuoP4Tt4QRc36Y5JxDIGhKVD4pI8JBHrYyJtbljjwoOGeSzDt8+sqlms8WsvwiAIG/mepOIsqDE9DcEXH7OJshmyhi0TcQP1xpQMsTte463nE5gthWBplryc0M7Qf+aqMRGqG9ZQfmb4FO2w8sGO2NPRm6iTMBB/+tD+uAgM4qc2HLz5INwnj+y5T9oBO1/yOF/OUwzu3Vm/M4ZOwf8ADp1av4abH6RhWpVOuHcbLaFMeZ+eqh7NIdxdc7YQqTZXocZi/jMQd4Vr901S8aphcy8bGPywU7OvIdffA/tF/eh+oxtwTNaay9Gtirs9+EtJ8ll9q0y5jwNL/dPHY7i70821FWVVdZJIBYxsqk7STJ9MNtbKh1IYk3m0g/8AGOOcTqvSzGsGGUyDjqPZjjP2qkKjQHFmH6jyOKq/icQQmdkVe7pjCYNigfbBO77urF1J2P3f52wa43WFVKFUMTNJQRNvCI2j9ziXiuUWrTak3O6kxgNwOmwoVMtVtUosWUcyjDl5TjOq04dI1HuF67heLJDQ/wDtNvI5/Y9FpwpxSzBAgLUGoTaDFx05jEjZJg5uBYgytrixmJxQzyOV1EeNLgeUc/y98HOD5wVqQDQNQIBPKOvnicZgHVac4JLTOhS82TqzoADDlEMfa2ofTBlM89OlSWuCpMw9wwg2Dc48/wDnAbi9AJUvNzytPpglw/MUKq/ZqmuCQUaQShNok7rhMEOsVZUd3jA4iRnYXyiReOcReFcyXEq1RtFNwzQZ1FYgebb41r5mqIDOo/EZg/JRgfxHh32GppWobiQYBAHoQbmOXzxRqcaR3C1FG92AIJHUibk/THA+5ac0DGMMPABadYg+8dIV7juZWBokKZ8UQZEec/M4DKf4bCZJ0n2Ez8jGCdLPUmhGWxjrIuZteYEXjliXjnBXVgEfXTiabAAErEi/OJiOV8dczFJbdPa9tOKbrbE6x9/Q6oJlWgyPrghlndX1KQSDYiDYiNj5fniiMrUU/DE8yCLfsYK5DhVRtK0iC7CQBvH62vgacixVFR9OJc4dcvkKbiSp3NOEIKzJFp8z7YAOxB5jDbwjPUaiiklJ3IEagBB9ZI/LAXjVAI7NG55GI32vJ2w+o2RiCnoV4JpkH838/qhRU4O5l3GVWmsiTqgDyg7+s4o06p0kwqwBpCidzEmSbCPmRi9xLKtUy6pOp0Mi+6Hew6MB88dpjCCeSTxVUlzNPFvy+aq/2Y4eqLqbxklggFgSukkFpgctgTvhiWgWFXSAFbUVRZ0g2NyfI/XC32KylRmKFilMCSSLA2iB+Ll1vhn7SlsplFr09S6zpKVYmCCZAuAfCLeflijh3QySLLJ7Q/1xTxDEYA2vlyHued7KeeyqPp7tQHNix3mLwNoF7/pgz2eSnUSrW/haUQooibhY1NvuZsPxYA0OJrWo1XLRVAAUEXIMWAkgiAb7xgPUzT05UOyhgQFFrE8xy26csCazQA+E0cE6piYHX6+Zv7DKNtydDilSpUWlTN5C9Ba3tA54I9oM6r1aagk1KYuwMw0gm/Ow256vXFLhmVCUO9URUYlQ2ra1zHpgO9IkLcTqOpuh20RuYgfPBhzgzEbA/RFUo0nVsIExI6nPoPqutUfHlldTd0seUlZH78scTqElrkzaZ69fnjsPAaxXh0yH7sxborX/AO38sc84zw2iuYdWqlFLBgdGoQb8jOCeJAKwKTcFSozQH57Qls0jvsME8jllaqoQk3USeZtJ8hgxn+EV64Hcd3UpJZFpOsieZBIIJjmMaZrKHJfxqqd3oFlYrLtFgLzvgA0uMI3vaxpM5fVJfbKtrz2YYbd4QP8ASAv/AMcCEGPatQkljuxJPqTOJ8hR1MB1MYpPjeSNSfqvP2ZTvoE4cPbu+G1G51DpHpF8Kgpnlh248qplqdLz29Bf64WGpk+Q6YZ2kYe1mwU/YrZpPq/7nE9BYKpjzFvuR0xmM1bUq/2ioA05BuDywud4QQRuMG6zyCDfAOusYLhwWiFNxJDnTumbi38WjTrC8jS3kRjfshxV6LiIjZlPMf0xS7J5oMWyrGBVspP3X5fPbHlbLVMtWOoQVMNP541iQ+HnI5+fyCsOnioONNuYu3mDp9j5Lr+hXVXVje8BZt88Vc7kxV7plYJVUkhzuFG4gbqdoOBfZfNMqg6j3ZOn0Y7f6T+eDmUr/Zqpq933hiDJ5eQ2xLXpuBwn5zXqez+Mp1afeNF9MrHKDNs4Qo1FzAZgAGU6XXmsdfLFHI5lMtVPeKRQqdB8DfiHUHmMGeN8SLsKtJaYQHxBVCkjmDznFPjGRFVNVIalIuefuDt0jyxIZJstuiWFoFQQDscuU26ckQz2UR6csveU48LIYFxuSLiCfphQq5ZkableUGAB6e2Ncn9qyrh6ZYoLuFuQOdsGqHFaWZImEk8zaf0thFUh/wCuxV/DB9DEaZxDXcdMuoz1Cv5vh9XO5Wm6waialBJ3Ufy2wivTHwOIYHpjoD8froncoEp6eYS/sNvfASrw3vmLgkubkgRPXAVKQdAaboqFSqxrsYAbMgbDP+Qi3ZXhlLM0QHTxL4TI5f8AGNu0HA6uUU1KVSqKfNQZE++wxQ4P2iOWAptT5kmTDco+fTDUnaui9PTWplqT2kDVbzG/lg6VOmW7H0UFV3FU6uINxMJysZ8pSHXy4zE95UIeDpkypIGxvAnqLXxZ7F56pRc0wQrKfvASZEXbpH6YNcf7KK1Pv8s5ZI1bzbqD5RscJtPIqCrd7pqG4YzAtaT+uOPY5kOC0aVSjxFMgG2UR+nzH56HNMVXMLQesuiFghQpi52vzmcBaw11VDJCso0gAC0WgnrGJj2kZGFOqisRZ+evofKBYEYItkaFZddB1U/+07iZmRpLcvLHwfisPnz5KewimMThmIkX012Jz/lBGy2mdKsAbKpIJI5zEX2IwQo5ZEhqpIpxJtcxsPOSR+xg9luD+EtUZAeQ1iCQBE6ZNrn3wM4rUep/DXM01XVLhdcCLb6Rb1PLDSy0n035KU8XidhZ1N7c8jlumPgdSQEFJGpXbWWPhmLlvCBAiLWxZ4/l6eeprl6VXSKMjxBoawhpnyME2M4D9l+IUiGo00qVCCHBMgMRYwTaI62wZ7U1su1EU6lQUwwipTTTJG4BI2IjecUUhLL53WDxTyziGlvQ39S0zM3t4Y1SD2l4BUyj6fiVwGpMIAMfFzNhqiD5Yi4XwdaiNXrMykEQI3/UchO2GDjPHBVp017giig00ix3kAE3ube2LXDuEMtM1KrgGoNK897j0jTtgCxhPivyWh/VVhQaXGDMTqY2F9M9kt56qSAAPDAFtwtxvtcfP2x5nUTXBHhBLecn+n5YvZhdACKJUR73n2vJxRNE1AAhlmcBR03kn8sdcZTGnC2Jtv57+l0wdms6tKgJB0O7MR5bfXC52rU95TBA06SA3UA2vzMRgvmqDVKooIB3aAISOo3+uF/+0TjrU2GTCAGmAdc3EjkPTBsBc0jb6rJ4mtTplrybum3L8wgmezdOir3JrW0CLQTcsQbEDbC/ns/UqkNUdnYCJa5gcsRvEXxDj5rQFk1q7qpk5bLwDDX2H4f3lUGNvzwros7Y6jwHLjJ5TvGEOwlfU8/YYu4NnjxHRY3aVQ92KYzcY6a/jqqfHoqViEuEGkevP64CVMvB8WC+XQxI35k41r5YfEbnz/d8T12l7i5aPCAU6TWDQIVpH4T8se4vSfwn54zE3dFV40BVPfFXPUefXBnMU9LRijmWGxPsMIY4zIXHskQUEWVM7EY6PwzMLxDL3/8AMU10v1deo88c/enM+WJOFcRqZeqtWmYZT7HyPljRoVcBvkVlcVQ75trEZJ0yVM5GsKeYn7PUHhZvEI/CY2P5Ye+EKzAqzqyBQab7E8iDO5Hl1wDo5ujn8oxiUI8dP71J/wAa84/fUYFcC4ucsfsua8VFj4HiY9DyxS9ocIPQ/ZTcJVfRcXN/7DfntI13TNmOHEt4TBPyI6HFehwrMUNTUKoBN3pSDB9Gm8cxgplav/p1Cur7jTZ1OxB69RiDOZA6yxnVG4uD69RjOe2/ML2PDV8TQZ8J3Ez89k18Ny1HM5YVBSNPVKHbUYMG/mRgFnOwFIEsq+HlBgj1HPAbL1mp1Qr6l0mQuohSfLofLDblO1EINaW2mfF8ueAhroxC6Y3+p4cl3DmWn56rm/FMtXps40mVEB5iw6rFzFsVeEdoK1M6HDaeo5TjrOZ4tlXSXjTMEsth7nFb/q3D6C6lKGeSKD+X64WaBxeEwrv/ANlxZhfRJPt9Le3JJGeOWrgsoYVJ2YRIjrHli3w7g9QFSI0MYg3v5e2CPFO1fep4MsimxU1Ijfy5++PMvmaj1qeYyzBkDKleiI8B2LDyvM+WOCgZmZXH9pObTgswzOZDhlyynQlWOCZ4UqjLqBUHSyEyPPzwods+FdzmGalBpP41WNp+7HkZw29oOzKtWV6ZCtWJXSesX9LScR9ouzmg6DVUUhCKzmTIEldvXDDSJBYdMkulx9EVW1WOgkQRG0e4OXKUp57h9LTTqF6ekgbNDT58x0xb/wCm5YqSKiR8VjMTEAWueWCa9labMj1q8BPuopPnMxgvl+H5MsDQUVHUkupJEC0GIsSThTaYDjMJ54+WyHOtMkC3KSfSUhVayL/5fvL2a0EAH8XOfTE1BqzMjU0CaWnSLliOZJ3n2GCeczdEVXRMuEcMFbSfDf6+vrivnM/oovKyVb7sxHpz+eO4ZuArDWaKcxP/ACIOepg39QiWVyJzVfXWqEsysdCsQqADYweg254CoVFRgJKrqiebarT5WNvLDD2Pofwa1YwAEYJ9Y/8A6jC9llCO7reBqjrJP7GKA3I7qOlgx1BE4YAtAGvkNBmfdZxjNuyqXmYEARCwAPqzfTBqtxHMVEo0gAwaZgfh0/zwJr0wGFNpBAWDFgTuv+44a+GZyilIE2dTEn1Ej3jHwabhBxNRoY0huRkdR89EDek6NoMgBgGNiNROw9j9TiBKool6rwInu4AkmLkAYg47x8GpU7sbuTe6z1HU4r8B4PVqktWDCnM3sT5DoMFgJKiq8UwU72tf57Ji4Ip7tKhEEiY9evU4RP7T2Rs4GEyaazPlOG/tP2ipZWmyA/xGSEUcuUnpGOR5nMNUYs7FmO5OKC0MaRqft+V5p1V1epjOQn3mw8lBVOMSnOPQsnDH2V7OvmHAAtOBpUi8wENeu2k3EUR7BdmDWqd44hEuT+uDnFs0K9WRaklk6evvi9x/Ppl6QyOWuf8A1WHP/DgVlstAlzJ6cv64vMU2YQsui11er3jv4HL8rdr/AAj/AFHbEKp4gqgu52gT8hhm4X2YrVoLTSp9SPEfQcvfDnwng1HLrFNL82N2PqcROOy2GuhIVHsdnGUNoprPJnEj1tjMdMxmFXRY3L544r8W8eQwJqjDFxLKX6YA5xYMYiZkqquaqM0GRjZ8uHGoGOvliJlx7ScqZGKGnQqV4JuM1Y4TxOrlKoqUzBHLkR0PUYf+8o8RolqIAqC9Sid/VDhEq0QwkD18sVKVR6Lh6bEEGVYYfTq4PC7L5cKZ9IPONlnD5B/P1TZkOLVsrKMO8pTGlt0P5qfLBs9pGYlqbsF0zFrN+owv0eP0843/ANUwpVNIVaijwn/OMU+J8PqZepBI0m4dTKt6YqaWi+Y+n39VK81HHDiLHcjY/aeauZ7i2YedVY7yLCPywR4X2o0qEzZZgLBkUbeZ8sLgzI2bfFuhl0dbMNX75YA0mPyzTWdo8Vw5DnOMey6TlaVKvSUUK+pd4e2Ns5wZyoBpLIgakYXA645pleJ1cu38N/DzX7p9uWGbhPahKwFOoe7fYTsfTzxIQ5ma9DQ4unXAh19iL+oz+u6Lv2dqtZVnnci2JMvwjN06gajFJhuWYEHrI54vU8hS3eqR6nc+gxZavRpqGDawDGlbfM74GB8KqdUcfCL/APX82TDw7N5kppqmkX6oLj588WM5WpgTXdRzvG/X1wkZ7juZIiiopp0UGfc4CJUctNUmepmfrj41A1JZ2c6pckDW2a6HmOMZUISr07XJ3Pywkv2hK5hqiUylN0ZQ3Q7gn3H1wJzGoNsCuKlAVC2neSAOkTvHWcA9xcQYyVvC8PTpSC4wRB8tf4Unc1KjPWdj4mvbcctueNuIk1qZWbhRB8gZOB+cqVKbvTLlpMSfukHlho7McE7+roZ1VUWWJMSDM/ljoGitq16RokmwA+m/NGaldKeRooh/vYCk2sLk+kxhYzSslXWEIFhvNuvuRgz2qzdElhrGmmoWki3sIvbrGF6lxQgbD85+e2DPzopuHqNFOSbmSQf3X9grNOtRLzXqFb6j1PkB1OB+b4iKhYEEKfhAN/f+WIKqa2LnfFT/AKhQptNU6gPuruTgs1JVrFsk5R8hFOzvAxWaKpKJBhuROJu1Pa9ssDlKJBKx451CIIj1wrdpO1tTM92qL3SIICqTeevtheA5nDQ4M/Tc7rBrPdWPjs3bfmpKtRmbUzFidybnHpoEiRjanSnbB3hXDubGF54bSoF5uouI4oU2yoezvAHruBFsO+b4rSylPuMuRriHqDl5DzwOy1SrWHcZNDp2apt8j0w08A7FUqcPWPeuOR+EH05++LIbTGFqyyX1nY35aBA+znAq2YOpV0Kfvv8AoOeOicI7OUaHijW/42/QcsXKEAWtHLG5zonSg1N5bD1OJHkuWmxwAhWXMCSbYptmWa1MW/Edv641qKLGo2o8kG3y5++JDSZviML+EfqcKhOlQaF+9VM88Ziz3SjkMZjiJcb4opF+X1wu5xAce4zGcxadRUTQxrTyktGPcZj4uMFLa0WRxeGgrvDR7f1wFzNPSYI/rjMZhXC1HOdgOSbxdNrW4wLqq+Tm6n2xZ4fxOpR8Jhl/C1x7dMeYzFtOo5pMFQVaTHthwlW6lKjXvSmm3NTdfbFb7MU548xmLsIc0P1WcKjqdQ0wZHO6zvjzxsGBx5jMLxFVGk3MWRnhnH3pDSfGnnuMNvC82KqhlPrb+eMxmJ6rAHCNVtdm8TUqMc15mMt1ar1qtM6hUMTb/jHtTiDVnAqFQAIsuMxmBOcLRABbJF0LzlEKzLM+eIadJhcWnnzxmMwKOTZeJllLEsCzDnPPr541r0VQFZjVuxufT0xmMwYSnFUMzxigqgMTItZTgVW7TUx8FMkeePMZggs2txD5Q3iPG6tYxIVfwrYYHhIuce4zHRdQPeV4anIWxNlaRbGYzDqYlwBU1YkNJCL5WkFi0k7Y6BwjsbqC1MybG4pqbe5G+MxmLiY8IyWWbmSm/K0lQBUUKo2AEYXq+bbJZuGYtRryQNyrcx6Y8xmOtzhA8wCRooq/EKuXzQFZmNDMHUoBupj4T5c7YcMpVLCEAROvM/yxmMwDxIlOpGHRyV2jAFh6nmcbM+MxmJXLQYvNWMxmMwCfC//Z', true, '2021-10-21 16:34:02.589');
INSERT INTO public.product ("name", price, category, stock, image_url, recommend, create_date) VALUES('เนื้อวัวสันคอสไลด์', 180, 4, 99, 'https://img.wongnai.com/p/984x0/2019/05/26/3dc36fd7adf042bbadd4475f622964b1.jpg', true, '2021-10-21 16:34:02.594');
INSERT INTO public.product ("name", price, category, stock, image_url, recommend, create_date) VALUES('เนื้อวัวติดมันสไลด์', 180, 4, 99, 'https://encrypted-tbn0.gstatic.com/images?q=tbn:ANd9GcTPbj2BMzsdzhiK86IQyBeKXUcJttVsEbgVg6_kVB_WYSDA_ZJKsKDbwTq47wrEHwGXgWw&usqp=CAU', true, '2021-10-21 16:34:02.598');
INSERT INTO public.product ("name", price, category, stock, image_url, recommend, create_date) VALUES('เนื้อวัววากิวสไลด์', 350, 4, 99, 'https://thagoonmanee.com/wp-content/uploads/2019/03/Wagyu-Japan.jpg', true, '2021-10-21 16:34:02.601');
INSERT INTO public.product ("name", price, category, stock, image_url, recommend, create_date) VALUES('ชุดเซตชาบูเนื้อ', 450, 2, 99, 'https://img.kapook.com/u/2016/surauch/cook1/shabu2.jpg', true, '2021-10-21 16:34:02.605');
INSERT INTO public.product ("name", price, category, stock, image_url, recommend, create_date) VALUES('ชุตเซตชาบูหมู', 350, 2, 99, 'https://www.smeleader.com/wp-content/uploads/2015/11/%E0%B8%98%E0%B8%B8%E0%B8%A3%E0%B8%81%E0%B8%B4%E0%B8%88%E0%B8%8A%E0%B8%B2%E0%B8%9A%E0%B8%B9-Daddy-Shabu-Delivery-%E0%B8%84%E0%B8%A7%E0%B8%B2%E0%B8%A1%E0%B8%AD%E0%B8%A3%E0%B9%88%E0%B8%AD%E0%B8%A2%E0%B8%AA%E0%B9%88%E0%B8%87%E0%B8%96%E0%B8%B6%E0%B8%87%E0%B8%9A%E0%B9%89%E0%B8%B2%E0%B8%99-%E0%B8%84%E0%B8%B8%E0%B8%93%E0%B8%A0%E0%B8%B2%E0%B8%9E%E0%B8%A3%E0%B8%B0%E0%B8%94%E0%B8%B1%E0%B8%9A%E0%B8%A0%E0%B8%B1%E0%B8%95%E0%B8%95%E0%B8%B2%E0%B8%84%E0%B8%B2%E0%B8%A3-2.jpg', true, '2021-10-21 16:34:02.609');
INSERT INTO public.product ("name", price, category, stock, image_url, recommend, create_date) VALUES('ชุดเซตชาบูหมู+เนื้อวัว+ทะเล', 550, 2, 99, 'https://www.ajinomotofoodservicethailand.com/wp-content/uploads/2019/09/review_hakuhodo_032.jpg', true, '2021-10-21 16:34:02.612');
INSERT INTO public.product ("name", price, category, stock, image_url, recommend, create_date) VALUES('เนื้อเสือร้องไห้สไลด์', 185, 4, 99, 'data:image/jpeg;base64,/9j/4AAQSkZJRgABAQAAAQABAAD/2wCEAAoGCBUVExcVFRUYGBcZGxodGhoaGhojHRwhIB8dHxwgIBwcHysjJB0pHRwaJDUkKCwuMjIyGiE3PDcxOysxMi4BCwsLDw4PHRERHTkoIygxMS4zLjkuMTMxMTExMTExMTExMTExMTExMTExMTExMTExMTExMTExMTExMTExMTExMf/AABEIAOwA1QMBIgACEQEDEQH/xAAcAAACAwEBAQEAAAAAAAAAAAAFBgMEBwIAAQj/xAA/EAABAwIEBAUBBwMEAgEEAwABAgMRACEEBRIxBkFRYRMicYGRMgdCobHB0fAjUuEUYoKSM/FyFWOishZDU//EABoBAAMBAQEBAAAAAAAAAAAAAAMEBQIBAAb/xAAuEQACAgEEAgAEBgEFAAAAAAABAgADEQQSITFBURMiYZEUMkKBobEjBVJx0fD/2gAMAwEAAhEDEQA/AHLTI3NRpP8AjpXaFgiU3ChIPXp8ioif58V8qeJZE4xLQWlSFbEEVm+Yslt0pM2t+3871ojGLbcGptxKwDB0qB9rbUrcd4UQHQOx/SmaGw20zWYD1/znX157UJ+f1/eqLb1oqN7FFIPMmwHU8qdFZJwJl7ABkyvjXrkSYsVRvHT1NwPmhWIcUtW28ADoOQHtX15yTA8yUmVEfeJ3PoNh29aNcJZWrFYgBAt1OyU/vVaqsIMSLdYXbMKcL5Onwy655WWo1k/eVvp7339hyNUM/wA6cxTulIISDCEX0pHI/uas8bZ4lak4TDf+BowI/wD7F81GeW8H1POrvAGTAvMrcu24F7E/SkHUpR5AkAAb6Z5mtO+3qZqr3tz1O3sgaYCVsOeKSkBSyqIJuRp2GwjneL8+8NjHUSUuKAsLEwetviKO5lkJUFpw8qaSdaSpSSr6bgXkpsN7/qITlzikAJacA5AIMmdyVabi23pSLkky/Stapj+JSxOGwjiIVhUBQEam5QYkQdKSAV9yNus0HxfDqASCVNkAj+6VfdkSSBytTRhsufKh4bTggiYB952mo3MvUlf0kK1/SpNgB639orodxMHT0tkYEzrE4VxopKgUkiQQdvcGxojgM8xMBF3knZDiPEkdpEx6GnLwFJsltLkQVkzMn3E7kDrM7xRXhXO20lLbggJP9MwPKSCkgmBYgmfSjLf7idugIBKnP08zPkYzCO/W2tlR5oOpH/VVwOwNWW8tUq7TiHh/tVC/+ioPxNafm/AGBxSvE0KbJIKvCIAX6pggT1AB70uZt9ki0jVhcRqUATocEEkbQtNhJ6jnvR9wMnFYlqVpOlYKT0UCD+NRrAPevPZtiWVKZfTqKDCm3U6o+b+4NcHFYdy+lTSv9p1I+D5h7E13E51I1NEfSahWxO6fiu1uaTZQUOv8vUiMQI/kVwidg9WGjb8a48I0XbgiuFsJNcnswYGCeVXMJg1ck1MNSNoIonl+ZN7KGg9TcfPL3oNjugyBmM1JW5wxxI8NglAXt616jzZChINq+0p+JePDRVe455CVIBYd0hTcKTpnToVsBI2QqUemnrXec5f4un+o4gAKshUBUiPNa8XgVDnDmghxMFxmVLSDdTRs4IF4gah3QKGcY43FIU0WXG2mDpKnFlNzMxe5BTeAL3vUxVaxgw4J/ubJC9yfhnJG8I2tKCpRUZUpUSYsAALAC9WcyaDjakHYgiu2sUFhK0LQtBG6djtsZ23EVXxLsTWNzF8t3CYAGBM3xhKFlJ5E0PxDpVEXUsQnsnYn1Vcek9RRjixCC+b20hTkdzCU+qo+JNVcEnSkvKHmVZI/IDsAPgVf0yZUMZK1NvJUSmjCL1hlF9QGoCJM8qc87eTluCGHbMYl9MuEboQbG/IquB2k11wbgUMNOY/EXSiSkc1qOwHqbDtNImc5k5iH1vOHUtwzA2HIJA6AQAO1NHiKdzjLmPEcS2DpK1BJV/andR+AT+HOn9zCKwktsuKKUghKipP0qEHtO4t2pVy/KihCVrQQ4pUjVIKU7CQeZuT2Io0CFaPNAgAwLzzIH8vNKXP6l3/TdMPzPC3D2aONOBSpU3B8gIAKtgZ3A3FqZsu4vIBK0AdBsIvaevePilN1JABjQm3Ik+sn8rCu0viAABANiSZkbHoY3iIpUOw6lazTUvyRzNEy7iFpxZSJCiSBq596JOMNuAhSQoTzrJ1ufeXqJOopANrdecSdrbGrWAzhzDFQS4qZOpJAI1X78rXH6XMtx/VJtv8Apozms4Mcsy4XC/oc077yRttvQNvIEpIQ4+2DbSNIJB6ajeNrUe4W4iTiEwRpWEgm+4PqN7USewCF7oB/SibVbkRT41lbbH8QflmYsMN6HMQ2dJ63A6d9qIM8S4VcgOpnvYfJpSzThJxDniI0qAk3E+2kyDS28gpJ8RSkKEwIm+x32tWd7LxCDS1WZYNmaTnGWYTGoKHUNujkZGoeigdQPoRSDn32UJKwcK9pB3Q4CqOpSoX9lfNVcvSwUedxxLkmCkeUDkSNyJ6Qb0RwucYrDAK1hxo2A3Fuh3SfWti2BfQ/7T94rZx9nONaTra0vo56LLEbyhX6E7Urv4J1uS406jT9RKFgD1JFq/QGU8T4dwaSsIWdwuwn12NGmmEFMwCFDY3Boosz1E3pZDhhifl9DxG38+KnRi+o/nrWm8Z/ZeFq8TBFDcyVNrJCf+Bg6edttois5znIMVhbvMrQkmAqxSTE/UkkbA/FE4gcT544IqEK61USselXMYhsJSptwLB3BELSehHTuLV7E9OkuKH0mJ3r1Uy4RtXys4Hqa3N7n6BUgTqgSbGwkjpPOKCsYFtQXhXm0rQ0dbQV/wD5mY9NBlHoBRsr/wAUAzXGpDhUlK9bAlflMKbV9YB2JAhUDmmvmqS2SBLT4xLS2UNoCEJCUJ2SLADt80EzjMA22pavujbqTsPfaiuYvWkGQYIj+dKRuKsXLqGx93znurZE+lz7UbTVGy3BmLX2V7oGdXKyXDsdTh/uX0HYDyj0PWjPC+CVjX0pCYSLW5D7x9TYfNLjOGKnNEyBcmn/ABOIGWZf5fLicSCE9UI+8r1gwO5Jr6JQBIhOYJ+0vPEOOJwrJHgsWtsteyleg+ke/WgPC2XrcfbcFkIcBJ5yLwB8VZ4H4e/12ILRUpCQgqUtIBi4AF7Xv/1NbjlWQssspZQgFCQBcXPf1O81ixj4hagoYFuooYhGDxKkl9wtOCyrgJXFt4In/NMuUZHgNILYQ4QN9c/laucVwcwQtSZBIMAk6QrlYcqXUYEYdR8bDqKf7kKOn35H3PtS/wCXsSnkuMI2PpHRWS4VZH9FEc4uK+YrJcMUBIbSDtIkGPahWD4nZEIShSQOw/euv/5cyXNIB07a7fl0713chgGGoU85+8jx/CUXavAIEm/e/pa9K2Y4RTYWlSCZ3KxcRMAbEb7zeNotWoNYhJTIII3qHEthf1AKERBj+f8AuuGsHqEr11icNzM0y3C+GUOs6ydtJTcH1AgpNvnY1p2XPam0q2kTB39D6be1BOJHXW2iWglKUXPlF+kWpXxHFOKKQpK0C1oT5u8giB6isqQhOYaxG1IDDH3mpaArfnQvM8gYdSUrTc/SsfUPfn71n7PFuKKvK5qJP9qdvYc6Lr4sxbIl5pPYEQT6EGtfEU9iCGhuQ/KRn/mQY/gxSCQHE6epSdvaf0odmWVO4ZJStIcbVzE6SJ3kbH9DThk3FrTyvDWNCtiCQUk9Jo4y2BIgFEW578o6VzardTpvtqbFgmRh4KEBptKkhUQm5EXuDNu9Wsizl9ooS0SrV9xSgUq9OnpTxmHCjDkrQCgmfoAi4jb/ANUpZpws63BSpKwJMRCu3lO/sTQyrKY0t9Vq7f4Mbco4kZe8qj4bosUKsZ7da+53hkOtLbWkKQsQZ6VleIfcJGu7gsSZB7i3zRfJ+JnmbFYdQT9KiSR0gwf1oy2e4lbpMcpCeN+z3AqaKUtlCo8riVKJB6mTCvQ1k/EWUqwj5acOoCCFC2tPUTMHlzg1uWBzRDzeoSOoNZt9quZNKV4IRLiIUHAR5Z3T1MgC3cGihsxFl28GI6FjnXqiSkmvVqYn6GCqp4wWINwd+451ZcUar4jl6T/PevlZdi1hFFCVsnds+Tu3uj4umP8AbSPxM4RiF/8AE/gP80952nRpd/ssrug/V8WPsaWuLss1wtG4HyKp6SxQ4Y+f7iupQlNo8f1KfDDzTa0LePkKpVzJCRMfMVWz/MnMdiSsJJKjpabH3Uj6Uj2knuSaGOueVI2KZBHrTp9jOXNu4lTi1QpnSoDkQQtJHyR8VaLcSUF5hfIsvfy3CIcu266uXElIMCPIkkXFgT7mi+A43dT/AORCVA9JB+b09Y1lt5JQ4gKSdwoWrOOKOEnWFFbY8RqSRAJUnsUjkOo/ClXD5yJW0jUMuxxzHHLuLMO6Iktn/dsfejiGUrTBAUD6EGsUZxKAIWFhXIgjltIN+Ub0RybiJ5kyhagnTASbpJAM7+1YVz+qGt0a5zUcfQzR8Twwwo6gCgzPlNj6jpSrnmQONKMNeI2TKYuR/wAhCh6bVby/j6R/UbkjcpP4waZMJm7D6RoWJ30mx/zWvlbqLk318sMiIWBzN1uEtuBKQT5XAfjUB+gppwufJCQXRonZQhSP+ydverGc5C29cjSv+5O/+aW8Zw+80VFCipMH6TBPQFPOvfMs7/ht+hjo4lt5vSdK0qHWx96V864QSoSx5SBZP92+6p3g0My/MXGR9BT30lPsR9JPx60ZwvFqYlSCSNwgXHWxM/EjvXsq3c5ssqOU5ETMRgnWlBCwUQLWHyI/ep3MxcQvUrzyNKgrYxaexjmK0PB4zDvgCUKtOlUSPY1ziuHsM4D5NJPNJj8NvwrPw89Rga0DhxEJGVa4cbUkIUL6lgFBvYyb9qmaznE4VZbDgUBECdSSD057dKJZvwg62FFv+oncR9XxSwppQSpLiTKCI5GDMgn1vQypH0ja2JaOSCJomScXtLhDv9Ncxc2+eXvTG4hK0mwUD6RWL4Et6lBYOkzpIN0nlA5zYX/CiuS8TOMeWdTZsAom0dDcj0ra2eDFbtBn5q/t/wBR+zHh1h5PnQJ5HZQ/5b+xpLzzgdxuVMq1diYPsdvypuyXO2sUiG3NC/7SZ/Cbj0NWsViikBDg3nzAHT/ie9EwpGYgbLaztP2mPOZdi2D4mhSAnfSQfWUzelDiTGeK8py0mBbtWn8c5gptCzpUUaSUrtoIsIPQ6lAQbnlzjHwJMURBAWOW7koEAV9qJwkmwr7W4Kb+s/NRPSa+qUeW/wDIrlS/53r5QS7KWObkEEC8z0j9qXUtHSpo7txE80H6T+afUU1PpBB9Iml7Om9BS8PuSF90Hf4gK9jR6Tzt/wDZmX9xMznAQTIjuP1FRcL5w5gn/FRCgRCk3uJnlsRyJpqzbBBQnedj+R+PypWzLCKSdverGn1G4YMn3U4O4TceHOLcLiG0qQ4AfvJP1J9R+tHFBKyHG3Tp6ApKT/2BI9iK/L6X1IVqBUlQ+8kwr55+9MGS8Z4pkjQsLuLG0+o/amcHxADaRzwZsnEHC7D52CFn76QAZ78iP5NJHEmTYhhvw1pStCLocA8wTzB7bb2HWinC/wBobTpSl3+mo2M8j+1PaXEuJPMHlyrJQGMV6h6++RMVwLsS3Y64EyAZ5XPKioy95IUQE+I2JIStJVHWEmZH5U0cQcJtKOttBROoqLYkpPI+H95JuIR5pixkwpZjlb+HIdSdY3Drc6Qec28p6g0FkIlKvUJYMZwfUL4DjN1CQCEr6ap1GO4oxgeNELUA62UTsQZj1G9JbbqHHUODSn+8x5CeZCRJFpsOfTaq2aNJbdUhC/ETP1ciDce/614Mfcy1FbeJsKFsvJMFC089j+FAc54UbcOpuEkDbl+G1I+V5m42tPhFRMjUBzA5QBenXKOLPEeU2tAQNpKrgi0fNb3K3cXaqys5Q8QMrC4hkaVthSR94iY9FC4+aI5bny29ErBSd0r1FSTJ++BcRG8/rTewlOkncH+GgmacNNK1LSCFQYANp9K8VI5Eyt6WcOMQs1nTZABXpUdgYv6GYPzXeLwrbg/qISuY3ArPHkLbVocQfukCYggggz6Agx1NEkZrqglTqIj6Vpg+ywRHcV4PnucbTMDlDCeb8FtOAlk+Go8t0/uPalLOsnxDSdK2pSNlpuB1EjYdjTIriNafpSP+SyTb0Fp2rtni8QfEQQOxB/OPyrJ2GMVHUIOsj+Zn5e0EKSdJGxFvy5045bxOoBLWICkux5SRZQ5QeZq/m2WYTEN6ykJkSFJt/g0uZrhCcMpvUVlsy2tQ+BPpb4rqjae4O+4WrgjkRZ+0XOHPEca8pbcCVRNwRImOVwP+tJrFpPsKmzHELdeKlmVEx8Wr4635gkct6YAwJLaXMnwC3ArQmYie0zH5GvVqf2ZZSGsL4igAp06rgfSLJ39/mvUu2oUHqbFLGXXj+E1wlyZ6m9/SvFcgVCXgN6+eCy0TLAjsOf70Nxywd7iI7VI8+InoZpb4hzXVLaFFIAHiLG6Qdkp/+4fw39GaKWsfCwNtgRcmU15kptCm0wfCUUhxR8iU7pB5lYFtIvalrMMxUs/UVfgPgV9zNwnSmAlIslA2Hr1UeZO9RtYFagSEkx+FXkpVeQOZJe1n7PEqB4/yakaQF8q5W3G9El5NiEJClML0qEgpQVCImZTMW60WYlRTR53Hf99/zpo4Y44xGFARIdbAgJWYUB2WOQ/3ClltfQ1JAO4n0r3fc7NkyvjvCOplTgZcESl2wI5woSkmNiDRzLs7wbyyW3W1k76VC/qOvqK/PAcGwNuh2rttzSpK0kpUkylQOxHQ7j8a5tE5kifozFZPhHbrabM84APpIg1QxHBGFN0hSdtlH9ZFZ9wz9ojqFBOKhTcfWlN+0gfnA9K0bJuLMJiNKW3klRkBJsq29lQTyuBWCnsQy3uvTGCsZwZh206vEdSBKvqFo/40EwuCwxUXQXVhO4KhO1iqAFR370+5whLjemVA/dKDBBg36exBB5is3zBlxhaClUWVBBi4sv25gbQaDYAOpR0dhtJVm5j3kuctqSlFk8gQQR73o9pBTy9etZDh8cjw5KT4gIvygkyQNr2sbfNMGF4iW0UayPMNgbRAme4Mia4tnudu0POVjni8uacjxG0qjaRXT+VMlMKbQdhsKC4XjFhdlHTHWrDfE+FO7kX5g3963uWKGq4cYMjx7GGbIHgFRiRobn8dqXcwxTJkLZWgTOrSAfnvTHjuJMKlGvWecWVeJ5Hel3FcaMAQGyu33vSstt9w9XxfR+8os5+AsIKCGuR7d6ocY5822PKUrP8AaFUP4tzJteGU40nwllYTpt5upA5RSE8sncya2i5gNSwBwBgztTkrKwIkkgetX+GMtViMQ20PvqAPYbqPxNDdhHOnf7Ok+Cr/AFBHPSPT7x9zb2rtr7EJi9aF2AE15lkISlCdkgARaw2r7XbC0rSFA2ItXqjbiY9txEHJcelxoKm5An1/n51Fi34NKXDONKFFs7HajGY4oBJUqwAk15qMPiMCwEZkWb5gYCUHzqskchAuo/7QL0u4hwJHVIJid1KP1LPc/gIFdPvfUpVlKiRzSndKPeyj/wAR1qvhm1POBIE3gDvVnT0itceZIvtLt9JayTLF4h2wgcz0HWnXNWmcJhlAwCRAndRq3gMK3gsMpTkTEqP6DvNZ3mWKcxj4AtvAJskDc/znFMngRcAscCfMtyp10eOG/wCilxIWo7GDJAG5tbpJrQ8l4gLSfMCsTcSPLO0VS4YUG8G80sK8JKbczrUZmDYXg0EaHMCQLnn2v7mk7HJMuaXTAIQwjwMFl+YyFthLnJQhLnqFDcdjIpH4t4SThHID+ttQN487ZEQFhO6TP1D4qfBYotrBQQkgKGrnJG/X0ipVlSU61lMkAoH91xKutoIvzNcWwies0KMSQcRPxOUrA1JhxP8AcgyPw2odpIo/isIsOa2lJbNgYJE7yTAjp61WczAElL7QJEjWmxtz2g0yrgyXZU6HkQYhft6VMhUX/EcqsqwSFXbWFf7TZXxz9qr6CkxcHoa3BGMGTcX4tiNLnipt5XdSvYGdQ/GjeK4xwziS440pLoB1NgSlZIgKCpEEWvYwIvaENS+oj0rsGe9ZZAZtLGQ5Eb8uzNDjalICfKIIUBeQoC/pIv2qVeIKW2iJC9BgjoSQN+1/eksfpBB6dP5FHMFmTaGEIMhaTYkGYIOx6AmN6WenbyJVp14fhuIYbYPkkpBVGkEEageYMREkj2rxWZARJUCdpAPON9hO5613lGGOJBDawdCYKiYSIt8maq4zDuNFSVhST7/w26Gh4jYtB6M+4mybnWvbeyY5XHpeqWMKQlKoJKifaItHpz711iMUm0iYgQDG1VytDgUJ0quUmbHqL87VsLBPdtgfOniSkcgJ9/8AFDBvU+Oc1KN6hTOw50wBgSRa25iTLGXYZTjiUp3UQB27+gF/atRwuGQlpKEfSlIH+felrg3LtCfEULqEJ9Duffb09aZWY6GDaputs3HaPEf0Ne0Fj5/qX8k4gLCVNqvBse1eoRjGiSL7dOdepMYjhQHxEMvFC0rB2ojisb4kGJSiLclr3A7pSLn2HOhASVkIG5/DqT2Av7UR0iAB9KRCZ59VHuTf4HKrSVAkMfEi3WkAqIPxaSVbkkm56k3Jp7+zzJtA8Vwb/TPTmaX+GMs8d6Y8id/51NNXGmbjDseG2YWsR6J/lqZA8xQ+ot/aDxB4znhoP9JswI+8eZ9OQq7kOWNpwDbyBqfdWq4+oJTq8o/6g9zSdg8G48ohA+kSpR2SOpp9y3OPDaS222hAQLQBJgXJO8mJ9TS91mOJR0OmZ23DxKeGxK2llLgWnxLLCgQopO8au8GeoqwtaQ0EpCUp1HUSfOsWgGOW55C1NWB4lZdSlrFspWLeZSUkCdjBvt0o2rKcvQA4UNhJgiSqDz5m47RS2N3IMrNaavlZT+3mZi9tpDYF5tN563+KnS0VtpbKT5SbpBNib+WbnVG1axgGWXDqbbRF4IRAHXcCqXE2QNuCR5F3IKbX6kfrvW9hxmLDWKWwRiZlhMDISsoJQkqJH9xEeSOXv3qrhsUPF1BtOxBQQCiCIUIOySDBHemTGZctACHEKnZLiT5VG8T3MkTv60DxrZJSVAACQItEcrX6fJrG7EYCBue41ZXkeXYhEf6doEgGESlQ5G6YIv07daE8R/Zsu68M5ImzbpmPRwXjoCD61Vy1akLStEpjYyfNJFp73E+nStMwT/iISeoBi3uJFMVvmSdXp9hyOjPzxjsK40oodQpBBIhSSNuhNj7VClPSv0ni8G24gpcQlaTulQBB9j2pQzn7McM7KmVKZUZsPMif/iTYdkkUYNEysyFK+omvsDkfY/yKL8S8L4rBXdRLfJaDKPfmn3+TQTUDXczmJewGPcaJKDExI0pUlUGRKV2N/SjR4qU5pDjaFAT5Um194bXMctlR0il1lfuOhqVTSVTaI5G4rJAPc0rMvUt5vimlGW0lvnpM/rQnHPbBEwRf+damS2pJ8qlAdJkfBoplWFS4QDoUehQifyrBAXmE+Iz8RdabJsBcn3pmyDh24U6DHQ7q7RyHrc9qZWsCltIKUJTG8AD8hVpCZTSl2qAGFjVOlLHLdSFKL+34VOlv3rtSef8AP5+9dNCDtI5HqKnFs8yoBgYnyAdzH616pSg8ov2P6V8rM7M2wTelM/eWL9k8h/y39I612tJcUEJH86e9V1YvzXvO/wDj8qceAcp1HxlpsLjuf8CvpAPE+YJzyYfybBt4TDFS4EDUo9ew78qy7P8AMlPOqcVzNh0HIU1faRnEq/06DZN19zyHtv8A+qF8M5KFMnGLkhtzSlMCDAsoq7K5RuK47BRCVVmxsCS8MIXh1KQu4dTLiYukAE9dxf5qYLknRzn1Pr0iJ9q8t9XiayesAztB/C/vFWcMjTqDYUVT9YkeVQuAOU9aRsOTmfTaKsVjE86sAWiCAD6fn8UUaDi51QoRKiqITpi0naQAB/8AKKpsoQNXlMkWO8Gx5iL/AITV3AmGnEEnSQCCSCARJAixkiRIoMoMeOoa4SzYNLClr0piIuZ+Le/KKb2c3bfIKFA9ulZklOjmCoJ8sEKkq+n85967S6hpMalBwEa1C95MiJG1rjftW63KjEn6nRpcxYcGalicMhaSFAEG0HY0HxnDuFCVKU3YEHc9L/8Ar0qhwnn3iI0LNwAAqZmVEAn3KU+4poeXYCJFMAhhmRnWyh9pMUsRneF0hv8A06lNSQLADywbSZiK9iOJWWmZbQokkhKAIjf8Jm/ajTmCaAOgAE6iDExIv/6rPM6weIcfW5oXBVYhJj2ArDbljNQqtOD4+vcJPcU4xKQsoSltR8pKT8bz8ii2A41UP/I2D1KCfmDSzh8MoEq1aASf6bk7G9xEz35RRN7B4RaUFLpQqPMCCZHbTahb28GUfw1GACv2EcWc2w+JTo16VKEQqJ9uRoNmfBmDccVOGHiaCrU3KULvcQCAHP3F6A4rAobaCm3Q4tWwiwTcGJ+9PWucu4mdZ06oVpvckagRsSJtzBgkekijpb4aTbtAMFq/sZDm/wBmyVtB3BOKlQCvBd9LgL3BHRU7G9LOacJvsMlxbjcpSFLQCdSRITuRBMkW5zatmyPOWXwChQSszKCRPKSOvtfqBUmcZEziEFLiApKtxJE3ndMEfNG3Zk0pjg8T86tkzIN6uNqEAnyqGxFPuefZWdWrDPQg/dcuR6KTuPUT3NIWbZc/hlqbdQRpIBVB03EiDHMfkelbGDB+Yay7P3G/K5/VQef3h78/f5o/leLbc/8AGqexsQOhHY1naVzcEzU2HxRSobpUNiCf4KWs0qP1wYzVqnr+ommpTXCE8uY2/WlzKeJDZDsHov8AcD8xTJplIUk9CD171Mspas4Mp1XpYOJMknkK9XwJm9eoMPMxyDLlPvJSOZ/9mtMzjHIwWGtEgaUDqaHcAZYG2i6qxV9PYfy9J/HGdeO8dJ/posnvG596+l6nzPcFstO4l7QgFbiyTuPUkk2A71pnCuX4rCYUtLw6HkzqKdSTBJ5TY25delAeBMqQ2sqfGlYCTvc6oKBHpB9aZnOIf6ui0a4Soduo6b0nZZziVtNpTjcPU+N8Ks4oKcw7oTJgoULoI3SR9SSOaT0HKjTXAbSWwkvLm0wBB62/c1GchYxKvFWstK5rbXoKunmHWq5weNDikBwrCTpCnHVQR10yYMc9+VcG31CF7ug3UM4PhLDJEErVB6297VPmHC7JQQ2ChRuDuBzFqIZSlSUJCzKvvGTc9YNXXV1rYvqKnVXA53GZo/hFtLKXAlKoSErI8ixInlYggEULxzA0nxP/AC9RyP8AujmevcG+1apj8Gl1tSVJBkRB5TzHek3MuFHNSg2UKSE89zHbaeVDesjqUdPrQ35jgxWw2tBBBIMHSZi/TudrVo2TZgXWgSCFc6W2eEHQhZU4Eq8sCZB9Y6Wotwtl7jSV+Jp62Pr7fHU12tSDzBa2xLF3A8iMTWGSZBFiPm0flUreXafpuOh3qHxQOcWojhHARM2osl8iC84yZt5IChBmxET70lZxw+60QQkrH945e3IxWlFsKvsetdpbVzAI7UNqw0eo1tlQx2PUx7Gzo0BAAC5nnflO0W2iqb6AfNKQUxYiJG1oG4sfetZzHJWHCSUAK2kWPrSRxDwi42rU3/UQD/yHWR0oZrKx6vW12cdGAH8ElspV4yNKoP0uSJvaBy9RRvKuKn2bOw41Matz7K525KvQN1uD5hIQRY8/8VE1inENrCV6QTKk2v0nqK8rYnbKg4weZruCxKHUJW2oKSdiKhzrLW3my24gKSsEK5GPUXFImFzdWGUlxCZaWE6tBlBMeaxnSqeVuVPWXZkh9sLbuOY5jtfnTCvmSLtMyc+JlfEv2cuIKl4UqWAbNqgKjoFWB94pGxDa0KKHElKgYKVAgj2Nfo5x5OqNQB6SJ/OlXivJm8TqCkDUE6QuLi4UL9AQDRQ0WImNNuxblTLwvnPhKCFmW1f/AI9/TqPegOcZcvDultZB6EcxVZlyLfFcdA4wZ5XKHImuayNov6/pXyh/CWMLmHTzKfL+o/A/hXqkPQQx4ldNQConPH+ZjD4cMtmFOCLck8/nas7ybDeI8mR5EkFd/gT3P61a4lzBeKxSlJuVKCGx2mEj3P50aGXf6QFpXmXZS+Qkp+n029qsWviTNLVvaGuNiPHQpKt20z6D6b996FNpJRJixtbckT8RHyOtX8Q5/qWELUtCC3Da1KIBI3CgkCSdxA6VBiEJKyFL0oaKWwQJBAEb2kwJPOTSTT6HTnYApk//ANSc8JtN/KISBtY3JA57D2q4jNVpdAVqTe8TIkXjvPrQ7JloS8kKWIOoEj6QCLXgmbi9og1IpjQ4vWTae+raBMwfWh4OY3/iIKmGcJxK+EFKlG9pIgi3Ki3C+eebQ4uRbST1PKk5CVKC1lWhKSkSdyomw6c/ai+QYFOIW4ArQ7CS2mZQINyVC5m47E0RScydfSiqcdTTUOCN6+BJOozBv/PmkbMcdisG4fEJW0CIXACTI5HleR7U05dmjTqfKtKp5AiR69DTAMjsu3kcxazrKMStY/qq5z5jFiIIiBtNBs4zbFNpDesTJGoG6uUmNq0FawR5hAuPTuf3pYzHhBRUpxtwTcgEdb2I/ahOhHUdo1CHizHHXET8Sgob1FwqUTEAqlJBvJN5qfBcTYlsCHFRBsrzH5Pr+FT53lymVJU4klZMqMeVR3EEc4qk/i2lLEsBOkAQFGD8D1oWcSnWEfGVyP2jfk/GboKA7pKYkkC5tba1N2SZ8zikkJUQqIKCQD6iPzrOH8Xh3G0Dwi0DstIG4teY1AR1qpmGtkthIAkApWNMm5IMi49N7XrSuwPuAu0dTjgbTNkQLAG5/uO/rVfEFSVCxIPMfrSTlfHMJDbyCTYakxMz/bTjluaNuoBbWD1GxHqDcUYOD1JFmnsr5IlHOMgZegrBQozcRJ7Hr60kZ1wq61JSPEQfvJBn3FaeQFV4sxtf1rjIDNVap6/OR6mJqxK0JUhJITsU8iO/85V3h8eppQU0VIWbjSfKqeRBMSPxrRM84ZZdlX/jc6jZXqP1FIOeZM4yqHEnTfSobfPK5oZUiUUvSwY8+ofyniht8Bt8JS5yn6Vfse1XMTi0o1iw0gGP9u0j4I9qzF5BkbGP81FnmfuLS2kHStsKTIvKSACDM/j0FHXmS70CkkQXnmYF/ELdI+omADYAWEH8feqaxeuE12o3o0Vj5wEsltf/AB/NX7V6pOAFJQyorMSRHtJP/wCwr1COMzQziI+SuJTiWVLjQHEFU7RPOtRzfLsPiHnEt4lK3416JEAWgEAchA36WrM+G8Klx3zxpQkqg7E8p7UyJSVOIcbUW3EHyLSBInsbKHLSeVZsIzzHtKrBcrJ3cK+hZltVrQUEg37zzJuKu4fJ8RiFmWlJOkmY0JneYIi56bk1aw/HOLblK8I27AHmSspCj1hQMelGMp4pxD60pUhloE/QnUtZH/ylKB6wr0rGwe402sfwvMEq4UfQAPDkEJmCk7fF64SCg+ACqyhKHB5Vk723Ty9771qTLYiaWOLeHw8Q4g6XBuevSe/euMmOp6vWb22v94r5o00uG0JUnVqUkqsNRJCk9Pugeo70Ly/MnGXNaFAGAJ+7yMkdTaaOY9h0NlLuoLHmQoxeCAoJMz0VHrQLGIK1bHX+JBuCe8n8qH5jYwV9zS+H86bxSC2pMLA86TeJ6cimrmY5UhTJDaG0OfdXEFJ5QQJ/eTWf8LYhTWJC3SpBSIPlMrBhIB7j+c60pKCdJ60whyJHvTY/HUGZSt5KT47YBTuUnVMc7DnRFhwKG49hH4GpzyBFQZjl+pMtq8NfWJB6yPm9agARnmc5jl7byQFpB6dR6HlSDn3CjjalKbBWnlEar9YvTr/r1smHx5dw6kHR/wAt9J9fmrQfQ4klJBCiCCKGyBo1Te9XXUytTSwkJWCNMmCIgWm3z810l5HhqQ4lUaitGn7tjIvyiK1VWGQvyqSDNr0ucQcIgkqYIFvoPtsf3oZrI6jq65H4biJ4xmHhCktK1piT4kA+tr/hXzDuES425oWm4SpVyDNgefofxrheBcacAWiIMwofFU8XsZ8xMEKH4yOn6iseY38pWaJwlxYl0ht6EO9Z8qudj+lNziuh3H8NYqwhtYStBDTqBZMkAx96eRibc6Y8oz5HhpbxCFIKTKHG5SANpSUbDqE+U8xR1fwZLu0uTuQftH9YCoSRIB59a4xeFCkRpBHMHnVHBOLUA428HWzsClEn/mI/KpF5qpIV4rDjcdNK7dYQSfiaIIkQQYjcScMtEKLYU2q5jlPaTWQ4hZKiT+O9b7njzTmHXDiRKFHUCJTY+b2r8/dK2kw7E9z6muk19CbTVjK8OVuJSBuRWoOajwhlo/0yCQDMm49v0r1FHH04dLbRBJCBsP50NeqezMScRxAoUZmVcNICMX4TkDWCgEEFOowUGeaSQAI6inrD8MpbQC+4UqUqLEQD0v2rKWHlIUlSSQpJCknmCDIPsRT1l/EhxaHBiHEJcCgU3gKERYKMWjaedNODjM9RZhtucCOWG4eYUJ8UqG5um/vuKIZe9hGlQjSCDEgXt3rP8C0taj4ZSqLKCVpO9xMGmfC5KG0KecdAbSNS4kwBvJHIUHJHQjrKhGS2Y04LiNta/DiJPl/3UVSib86ypWKQVBxpaVtlXlIm0QYIOxE7U4ZJxGkNpDq/NPT4mthvBillY/MkYcVg216Q4kK7H15UNVg2GElxLQURYWBNton1ojh8WldwfSvO4QOIKCYtY9DWiM9TC2FSATxFP/6/h3Xklxk6kGdUA35bek0yYfPmFFIQ6g+Une+07daVc6yBCQY0+Ifp2AmbmBzgUsYhCW9aQdWoATymQSRPcUPcVj34eu3BBOI/5jxahI8jbjidtQEAH0Nea42YWYKVo9Rt8Uh4LMVtedBClXStKpveZPzv1mri8tDqS7hiZiVtzKknp3Fc+I02dJSBz98zR2Me24mUKStJtyI7gj9KC47InEguYJwoIk+Co+UnmE3gT0PyKzJGKWhwqbKkKNglKlAyI5C55+5o9lnGrrZCXgVaVXgQvpB5Hfa1wL8qJnPcUakqflOY+8MYzEONqW60W1IMFJ3OxkDpRvWTE2tQTLs5afPiNOQ5phSSfqT0KeoJsrlJ60Qy50LRBkRt1FaBizLz1iT4nANuiHEBQG0i4pV4g4JSTqZVc20K26mDTC9mnhLKXELSkQfEAlEdSRce9W230rhSFBSeRBBH4VwqDNrbYnRmP5ply2nNKk6SB0/EVATAQk851Ce+/YxFx0vNbHjMK24kJcSFDuKT8/4PnzMm0zoV+hobIfEoU6xTw/Bixl+bKYcllZiTIMQod0jn3p/ybOw+0FkaVAwRPPqO1ZnjsKtswtBSedqqt4otqStDmgiYO/Wx627V1PUzqlVxuH3kf2rZl4uMKBGlpIAsN1eZRn00/FKNWc1fLjq1qMqUZJ6/wVAyL00OpHPc8aa/s4wHi4lNrAyfa/7UqJF61f7Kct0tqdIgmBWLW2oTO1rucCNWaZU28QVgkiRYn8Yr5RKPSvVJ3n3KW0ep+ayge9RFMVM4g87Go9UVYk6T5fjnGlamnFNq2lJiR0PIj1ply/jvEIbdbcQhwOIUgkylVwQTKbc+QFKhQDtXJkV4qDOBiOAYZ4ezjwYS4jxGp1QLKBtcGYvFwaaMPmeGc+h3RtKXAQQSQAByVc8qQEqrqKy1YMIlzLNTyvM1sny3/uSfXrTvlWbJcRKDfmDWGZXnzrelKlFxsW0KIsP9qyCR+XamrJMwQ7dpZQtN/DUfN/xOyqHtZYUMlnfBmrvYVDsFQEj+GgeK4RaWISVJ80jnyih+T8WGdLqY5T09RTXgMe2seRQPoa5hWnQ1lfAMTn+C9CVKS5qUNrWjfa5mgmCx72GUrSkAiJBB9ye9arq2qlneQtYhBkQqPqG9ZavyIxVqv0vzMzd4gW46DobSLBekAEgmCdW89IPSgmZol1Uq1QSQd9U7X9KZc14WeaN0laAd0Sduw596Au4NSCJSeRN/0Nez7h8KfyyPDvKSqQsgpgpImZttT3wxxWlXlehKjs593/l0/K9JbzImdpAt3IqNsFJ3kz6gj1517didaoOMGbphlJWkTCgRfmCD+lU8VkuhRXhlJaUYlBH9NUdh9J7j4NJXBme+AvwnSfCJ8ipBCO0jl+VaMhwEggyOUVtSCJOtrZGwYLRiiFaHEKbX32Vv9KhY+m/api50vUuLUHFdUixHW9BsblpS4pTCyISD4RPk52HQnryrUGMGWMwQhYhaQrtFZ99ouCabwylJbCVSIgAXJjl60wP8SthCi4lbRQYVrSYB2A1C29ZdxxnasS+YXqaTGgCI2udt/WtBc8zJYjiLxNdAwK5FdrTyrcFLOWNa3Ep6mt34Zwoaw6EcyJPv/iKyf7Ost8XEDpIH6n9K21KB+1Kat+AsZ0q5JadaRzr1SJEgc69SGI5MAxDKVWI/ehuIwpExcel6NaBNcrFOJaRxB2UBhmLpRzFcFc70UzBsCSN6oOIE06pyMxAjBxIdHSuknrXNd12ckgaJEi47cvUVyK8yspgpJB6ijT7CXGVOlIC0kfTYKtuRtPpFYLYM1tyJ1lWfKRCXU+IjrP8AUHoTZXofmnDCYgFKXmXAU9RYp7KG4rNDXbZKVyklJGxBgj3FeZAeZtbypweZtWVcTaTpduLQobAd/wDFOeCxSHEhSVAg7VkeBfKsGl0gagkSAPKq25TtPpFXsux7jSzoVAkW5fFCzg4jIqFgyvE0l1kFWoSCd45+v771VzTJWn0kLSAo7LG4/eusBiFKSJj2q6zz9DWsAwGWQ8GZfxDw8419UlAJOoSQZgbdaEtNJAJUDGqB178uk1sjyAqEqAIULg86ROMMqbaVCAQDNp7ihOuJS015s4MCYZhpLh/r6UwqJRIMiBM9+1FMlz1zCKDbwK2jccwB/ck/29qWcX9dexKySZJ2rIJEO9YYEGbBg8QlUaCCFAFJ5RUUFBUpSpkm+0DkPbasqyHMnG1pQlRCSYI5b/ge4vWg4bGqUClUGOcXPrRwcyPYuwxQ4+z/AA+IZebS7CkSAmCNakmLzYjVy9DWWmnH7U8MhDrakpAKwrUesRH5mk6ir1Fj3PrSbzXVc8qmwAlSZ6iuz01f7Jsu0ILhF4ge/wDPxp7Qk8+tC+EmQMM3HMEn1o21uamXHLmUKRhBPJT0r5XhXqFibn//2Q==', true, '2021-10-21 16:34:02.616');
INSERT INTO public.product ("name", price, category, stock, image_url, recommend, create_date) VALUES('ลูกชิ้นหมู', 25, 3, 99, 'https://cms.talaadthai.com/wp-content/uploads/2018/03/%E0%B8%A5%E0%B8%B9%E0%B8%81%E0%B8%8A%E0%B8%B4%E0%B9%89%E0%B8%99%E0%B8%AB%E0%B8%A1%E0%B8%B9.png', false, '2021-10-21 16:34:02.620');
INSERT INTO public.product ("name", price, category, stock, image_url, recommend, create_date) VALUES('ลูกชิ้นกุ้ง', 25, 5, 99, 'data:image/jpeg;base64,/9j/4AAQSkZJRgABAQAAAQABAAD/2wCEAAoHCBYWFRgWFRYYGRgaGRwdHBwcHBgaGhkeGiEaGhwaGhweIS4lHB4rJBgcJjgmKy8xNTU1HCQ7QDs0Py40NTEBDAwMEA8QHxISHzQrJSs0NDQ0NDQ0NDQ0NDQ0NDQ0NDQ0NDQ0NDQ0NDQ0NDQ0NDQ0NDQ0NDQ0NDQ0NDQ0NDQ0NP/AABEIALcBEwMBIgACEQEDEQH/xAAbAAACAgMBAAAAAAAAAAAAAAAEBQMGAAECB//EADsQAAIBAgQDBgMHAgYDAQAAAAECEQADBBIhMQVBUQYiYXGBkTKhsRNCUsHR4fAU8RUjYnKCogcWsiT/xAAZAQADAQEBAAAAAAAAAAAAAAACAwQBAAX/xAAkEQADAAIDAAICAwEBAAAAAAAAAQIDERIhMUFREyIEMmFxgf/aAAwDAQACEQMRAD8A89xPDb9vVZZRzFCpxV10zEe9OLHEXXSZHSsxvD0vqWQQ4G3WkKvs9i8VJbh/+C7/ABdz99vc1A+KZt2Jpc6lSQdCKwPR8SX8z8YWz1CzVHnrq2pZgo3YgDzOgrdAu9jfAoUTOd228q1YsNduKifExjXbzNMOPKEKoPuIBQ/ZdC2IUg/DJpdPSbKX1xktWH7DImVncsRqRoB7VaMNw1FGm1at4kGC24qe9iBEioauq9Y5Sl4RvlQ7iulu5pgwBz60txAZj3jA+datYnNmQaDlWa2bonxt9cs812pKeKB/OmGJtgqddqreLt5dV0o5lGN6GHEO/aZCZkU07KcGGFs66u2pP5VX+C3/ALW+qDZdWNX8tA0rqblcQdKnyOUkhSdyaDxl9gevSiluA69KExd5Yk0tPb7C1o6S5mH1qC7biSelawmUkHkRNFYpgRHL61u9M7Wyr8VvBkYHYgjzqhcK4XdxFzJaWTzOyqOrHlXo1/hbXrhQaKRq34R+tOuHcPt4ZMllQJ+JvvMerHnT1mUz16JrE6pfRWcF2GRBFy4zOeSwqjrHWjsR2SsKmzA9Q5P10p0GDHXcbedR4hpkeFK/LTfo5SpWkVfFdmrUd12QxprIPvVPxiPZcq3oRsR1Fem4vh4ZAQT1A5VXuNcKVkKzqBI8x0p+O/sXe/gq9jiLdZ89aKGIRx319v0NIXBRip3FTJepzQMZm+mNG4ajfA0Hzj5GhL2Aurtr8jXKXqMs4thz08da7bQzjFf5/wAFn9QymDIPqKlTGn8Rpxbu2n7txYHVQDH/ABP5GhsdwGBnssrr4HbzB1X10rdoCpuf6vYGcW3WonvMedDMrKYYEGsDVuhFZG/STN41lcTWUWhfIZBqKwGKNt1ccjqOo50rtPRSmlNHoRe+wjtfhFDLdQd1xPvVbFW3ipzYVJ5THvVSymjxv9SH+VPG9r5NzTfstYD4lM2yyx/47fOKTwab8JslVL+HyoqekLxTypIn4/ic91z41J2RxAW/BMSIpVcJd4USSYA6k6AV6D2f7EIi5r+r7jKSAo6eJ8aTkqZn9ij9qvc/A40GtY95cokwJo18EkQBoPGluNwCFSFJHTWaiWmVdklyG3M9K1hbBLSTtSAcOxKmQ4I6bUE/FMRZc5wT5bUxRtdMF1r0snG72QabVV/8y7ma2jMB0296G4p2ga4uojSr3wy5/wDmtDIEZlWVAgSaJ7xztoFNU9JlZ7FW2S5cLqyvpEiNPCrc/EspAPOoksFHzPDToI5VxxCwrrqIoKrm9hTPFaCHxK8vWhcbdBI6fKq27XUJV5jkRsaxeJCQrnSNa3h9Hci14NgTA0gV2twITm2AnWkWG4siozKfCkeO7Q55A3OlYsdNnO5S7PRuF4pHSVO86+VYV1pT2JdXwy9QWHzptiYGkxS6nVaCmtrYPbIDkRJqS2AOW5ri04lid+td3bwg7VzRuwa7dhtoA2pJjXzEnkKI4jiWQFtG0+tKxdAbaBTZXyAxH2ksIVLAQwqro9XnjIR7bA6HKSD6UD2N7Ni6RevD/KB0X8RHM/6R84qqbUy2yW5p2lPyDcB7N38RDAZLc/G2x/2jdvpVq/8ASrYUf57zzOUR6Dl71aMShAAXYDlpp4dKGdjECalrPVProqnGpXpSMT2cdZCsG100ifTrSe4btlodGTxgwfI7Gr3ibsMJ+XhXOOCX0KN3hA856joedMnI/k6t/DKcyLeEH4uRFI79koxU/wB6a4jCth7mXvFYmSIjWBJqbH2ftEz8wY9f3/KnzWv+AXCyxteoRVlEfYVlMINjQ8DvCJQiurnD3T4lr0XFXB0pDxG4D6Ujky/H2+ivcYbLaROca+utVtkppxXEZ38BQSCTFMnpC/5Gqo5w2GzHw50XjcRlXIvrXbuEXTegLFs3LiJOrsFnzMVvvYOuE6XrLB2N4S7XVvsh+zSSCdi2wjrXpOIctBmJ6VrD2FtoltV7oUCpbZRV9edQZb51spxzxR0lsAZZ5b0qxNxVJjWm2JdRr4aVV73eclTImhlBPsOAJbNMCNo+dLcZcWTmEgzvRdy4+iHSedLeJWTopOw96YjAS1hEuOiqgPeH71e2tZVDHlHoBSXgPC/sxnJ1I0HgedOb10lDyhvlS7rfRqWuyPE4pSoI96FYZt9DE+VGGwmUQJHQ/Whr19UGo0H0rkzWgHEoJE61T+1OFC99fWrXdQvmZWgdKUcSwrXpshczNoPPr5U2K09irnctAvZbsicTZ+1e6yBmOVVA1A0kz1qxn/x/hgmpuE/iLR8gIqwcGwrWraI4UZEUQp0kDWK6xOJ1HICR60N5629MyMK1pi7hvDreGti3bmJJljJYnck+HQUPjcQ8yRIncc/SjmIdjvoNPkKEuwrGDz/mtLVNvbG8VK0gK7jCDlgzvroaCfiDiQwI6c/XSjsVaJXUhiNte8vj+1KcWjIRmiSN+tOmUwXWiH+uZxrqBp5+lCXsaA88hvNbwyZTqd9+tD4/CJqdaYkkA2/QbDsb95bYMKTLHaFnUflXpFnDhECLAUDugaQBHKqH2VwKNcYnUiIr0FBrMbA0vO+9I3En6zVxyoA3HX9aiV9DJ1OtTuTlO3l40E8QNhFKkYB46zn1mDy9KnsJmQsoHd2Pj+YqO3dBE+J8TRWBRcuUbcx03o29I7RSe0WNLW7isIbugejAmKD4PdlSp1zIfcag/Kju2OFVVLKTHQ/Wk/ZzvOF8/YAk/IVTKTjaFS3ObT+Ud3LOprKJrKPYTwSWLiXEY0FLcfjQtnLu7mSeYHIUFcu5nA6kCuO0Iy3GUbLA+QmhU9gw9S2JrjV3g1k5jXNjDtddUQSzHb+cqu+G7FjKEe4ZO4QD21oqqZ9FKXT39FExV7MfCorDkMGG4II9DNeoYDsjh0YypcjmxBifDYULx7sqj95F+zYDSAMrecUCzS3o6sVPsd4Hia3LaOrAyBPUHmDRH2wavMuDXXtXChOXWGB6irf/AIuFI2IjlSMmPT6H43tbHPE9Le+p0ApcAC2Qd0gSD410/EFdNDMUgxOPYsWXfrQzLDdaHz3CZLxK0rsub11UHM+w5mll2+5WGJAmSdRRPBMelu+jHVTKkjZZ2Jo3D0ArRfbYAgdKmurI0oYYtYJUTG8an2qK5is2qzA+vSpUmNN4q9saVYzEK6axJ08jReJMiZ0I9qWqgZGG4/P9NqZJjBlvODlEnSRRPZu+TiXLaE2zA8iJoK9jcqSBqBqa57J48vimBWRk1P4daZxbTMdJF2xlsuAAxDAbjSgHZx8QJaNeY00pnbSfGgMTfZHUfdJ15geNJX0an9ASPcRs0d06Ec/OeXlWsSgecp0mSfGKYcVw7MhIaIHqaV/ZFETLrOp1iBG3WiWjvRezFXL66SNzEb0PxR2uIYGoIKjnpvFdhw7vyGYwNqluXAJI0jTanLoWyiPxCG5yOu9av8UJG8mhOJMGuuRsXb670NlqtSiF5KXRc+yROfTferuuIlSGESKoHYrFBXZSwDEDLPOKvFy9sD1qTNP7FmJ7lBCscgB9aGIDan25Vj4hQImP50oH+oBaeQHOYpSQ7YRh0ykqRudKKd1RSxI8ZpecYnxzJAMeZ61V+K8TZ2gnrIH0o1Lpg8kgftXxMXNF2MfKoOy9uFvOfuplHnc7v/zmpTjrmYwOUz5094auTDjqzFj9F+p96rS4zonxvnm5fCRJlmsrEYxWVxn5ma4Sme8i9XFB8fxE3nP+tvrFNuyGX+pVnMKqsZ8QCR9KSJbNy9IE9/QfiJOgjnXBLbnS+S/diOGi1YV2QZnli3MA/CPDT61YrSgKz84PifIVvB2yFUOACAJA2BjYV3dv5N5A01jQetefdOqbKJWlpGnYBe6IPPr60s4jie6IM/nyimNkgs4jSBrJ1rl8Mu+URGgPyIrJ69OKRxvgxabqCGjvgzJI6VXf8RKiCK9GxbZdCYnx0qh9p+HKjZ0Mq246E9PA1XjpV0xVpz2i5djsIjYbO6gly2p6AxA8NPnRuG4RZR867kxlOy+QrnshYcYRVJIIA5bCJI89Ypy2FXLO/QnUx1qeqaphyulsGXCoTBVWWSDIkVl5UVYUIvgAIFduSQQrAARy311nWldrE9580EGQF5AfmaxbNJsrPp8OmYMNPy1FLbnEgDlcZWBIb8J6MKKxOKCZRrBHXbw1qpdobzRnU6Bo96ZMcmZVcVsdNxLL3Nxz1+YoWxxZQGynTceu9BcF4BiMSiuSEtGe8x1IHNV5idNxtRHEexd9RNhxc1AykZCZ3IkwY8xRqJT02A7praQi4jxIkEDQb+dG9gsaovOCe8wEDrEz9aQcX4XfsMFvoVmY1VgY3gqSPSpOzDBcVaJ2DT8jVDieD0S86do9hwqMJMkDyrjE3DnQKJEy0c45n+c61g8arDLOu58qna+ikkGWMbV57L+0S4kAprpOutVrGcQKuAdtj08D8qdYm9I/XpSXHoIGwJIyE+GutbKO2CYq3lbNGvP60I94lNdDqfGKPxiMxZ9Ccu3iDqB9aVY6+SjADvkHLHjoAKdIFFb4JwO5irmS2NN2Y/Co6tHM8hz9zV2uf+P7ItqCz5x8TAiG8lIMD5+NWDs5wtMPZVF1YwzEn4nIAPppoKa39Vk1l/yK5fr4BOGUu0eT4zshettmsuHjUbIw9zB96nscdcf5d0FXXSCI2q84q3EMOfTrt7Uvx2AtXjF1QxExMhhO+oo1k5L9juHH+pWb3GutB2+NgfEasT9ksOQdH8DmOnlOnvNUvj/BXw7QZZD8Laa+BjYj0mjhRXQF3creg29xte9B3pFexTMZGlDhakRacpUiHdV0atrJjrV84xgFtWMKv3nTO3gD8PyiqpwTCG7fRF3ZgPcgD5kVa+2GJD4kqvwouVfADuj/AKhT61lPsbC4w2KPI1ld5BWVgrRDZKpaA1zmc3SDypp2ORWvlo0QadMx29Ymqtevk86Z9k8eVuhNe806eUUNy+LK/wAspqUeuowMGh7wliD8IFZg7YGpJ8KhxOIUE5tOnSdq89ejzqw2VQoaQN/DnFY2KDKSNdSBHhUdpxk/3ET61ybaq3JQNB1NHozYLiMNnAZ/TrVcxeFBuKu6hlJOu2YDX1Iqz426GAKnRZEbb1XuJ402wqKAXuOqnrAbQe5+dHO/EZXm2XgOqLlUAADQfr70LZxWYayNYod1ZhryAkbTUDYgAr3Y3nlA6/SlcTfg6x2MClgZHlzqvviofSDrseXWnTqp13kwZ6a1V7lg/aREDl4+VNlIxssC20cEnvese3StcN4AmIzhyfswwXKpgltzryAke9DYVHFxEUZi0gjTQbhp6daueGshECLsBv1LasfcmhdOfGc0maFtVUKoCKoygDQKo0AHhpQb4yNJ1GuvPlWuNXWCALt60ktku2YSSNwBsBrQpN9naWg3i/C1xCEXFkchs4P4lPI/w155xXg7YK4jg5kJOVog8+63jHvB2r0i3i88wYAnflH8+dVztRba5ZKKMzSGjTZTJjqY+tUYqafH4E5IXvyQcJ4uCpMAxs3nsKOtcRXMD7a6R5V5zaxLIe6dDuKKt8WK7T5UdYe+gZzrXZ6cmODwBqOumlQAZz34IEgbwP1O1UFOPEAwWmpf/YiQBLKOf8mh/DSD/NL+S1424wkLsJj8/wA6E4JgWvYhZ0S2QzaSWOsL4bT7UqxHaZcmVFO2/WPOjewXFf8APdHbV4I81mR7fSscVMtnK5ppI9FZso0EiB6ftUFx2G4028ulTusLlWTNDXLgDhWBBYaTzqRdjwbEy2n3dPH3rvGMqqJXWPbzrl7mQa/DufLzpdimZ9Fbuvt1AidPCmSgWdnEZTII15Hb3qTEWkuqUcAhhsdvQ9aVDDhARMhTRFi6pMiQvIyTB/Kmta8F7+yjcf4KcO8Ako3wk7j/AEnx8aV5avfHypttn72kjkQ2wPzqlulUxTa7E1CT6HPY26lq6b7ycisVA5tEL5d5gfSpWvl3LkDvNt0AgAewHtQqWgqKI1iT5tqB7R70Vh1gjwgn9K3/AELIuMqTVy3JNZRBjrWVmxJT7rU27Isq4gO+WFBME6ydAQOcfnTHsr2U/qgXdylsGNB3mjeCdAPerivYXBrsjE6bu0+ymsvJKTlmzjqqVBKcYR1AtsCdvLwPSo8TZB1c+3TwoJuyiW2LWmuqT1ZSsdO8J5dZoDiZxCicwMDmNamUrf6lfJ67GlzGZFLEiBqJ5DbSqziuMl3idSwC6zl16dareM4m7nvnbSBtQZvmqJw/ZPX8hfB6PjOP20QqxhwsQAYnrVMTijPfRiScrKR6EGlN26zGWJNZZcqwYcjRziUoW81U9Lw9m/r1ZJ012PUUJfQMFduh9uU+dIeHcRR1WOQgin1q+MoUarGnhGkVHU6ZYqTRGt4qCrjcnL5dDQPEEIGYkZjoseGg9a4xuId2CoDMxm+6OtBDiSjEWUmURhmY7k7egmPSiUs50kXHs3bZEZnEO7a9coAA8uZjxpjfugHc+NDW76ksTGlcO8giNNf7TSXvYWjd983dkUGzKh7mgOulRWcOysApJUHSdY8Jrq5YL76RWrpnfHZEt8ajx16+dR48QAxOm420EUHbXJcdJ0dSJ9OvKgOIYh/sG1+AGD1jamyu+gK+yp8Xg3nj8XzgT85pe60Tckkk6kmSfOp8Dw+5ebJaRnaJIHIDmSdBViekSOeQsiugK9J7PdjbSrnxADufuyciDx/EfPT60w4l2RwzqCqZT1TukdNNjtzFLeeU9BLBR5Qq0fwvGGzdS4onKduoOhHsTVl4p2Myx9g5J5hz9CBpQNvsbijPdX1YfpW/kml6aoqfg9I4XjluKHU6FRB86Pdgx11jbwrzvg2NuYVRavoyydNtPUSDVlwHEc0ksI5eP+7xqKsbl9eFae1sY8SgpBEg0t/ok1gxA01PTl0ru/fDbkmKhXHrEnQ7R+dctnCC3hXN3KXJBaQGJpjiLotALpJJ9TQOKL5w67KYEePOphlYM1wRsR4HrTtbF8l4V7j91wwRjpAb3n9KDsYTNeS2dtC3gAMzewmt4/HB72dtVUx/uCn86k4a5JuXDu0gf8jLR6aetPS0hc/tWgnGXMzE7SSfIch6flU+G5seg9zt8pqGyssZ2A/nzNEoe50kn+fWufgOWt0yIzWVJljTpWV2xWj0nB8PW0qooCqogRsPfmeu9TIhzkyIC899eldXTm0+XSOddMh0Jifr4V57p+noaF/FZgeH81pO6Z9GOhGvjVneyGXUa60hxOHjoKKaM0VDi/ZRGlrDQ0zB+Ezy8NaqvEeGPYYK4GuxBkHyr01XiSDMUl7RWzdUJEQcw89Y9NaqjK96Yi8EtbRQgtN+GdncRiBmtpKzGZiFWR0nU+k1Dw/hr3LothWme9pOVfvMfIflXsWGwoW2tu2AFVYWSdAKLLm46S9Ax4uXpTOzvYyMzXmOYGAqNpHViRPpT23wDVhbdgROh1AHTrTLD9w6EZhv+9GWWYtmiORjXTepayU3tlChStIquP4dcVctsgsARBMb9P3rzjGu6MyOpVgYad/7V7LxizrI0J51QeP8CuXbisuUkiGMwABsTOp3p+Gl8isstr9QTsxxRwrhmJgCJMmNdPKrnwviAYZSdR9K82wP+Wzq4IaMsHkZ5+1OsFdYCQDpBmuywm9oLDX66ZfBc17pHpXGKvdwtMHl0qsYTHvJkgajflyk+9P8fdH2QUxOg8p51O5aG7FSX2LsxXkcg6zufL9aU8UYshSQJjXyMmnrxn3hVWJPjEetVTi96LkTIHTqKfC7FW+gLE4TIAS0z4RFeq9msCtjDIoXKzIGfTXMQCcx9YjoK8uwt03bttAN3X6iflNexRKgdY9udZmppJMzHrZzebQeQjSZqI3WCZmAk7DoB1rq60MSYj9ajzBu7HdA9jU+tDvTEVC0nNBGnj5+FT33UAkGoGYCSda0bvIx6/WtZyQo4pbtvowBnkf0qicTxT4a7lQtlIDAEnTw/nWvRsdgCwzHrp4VVuJ8GTEqxGZHSQJ1Defh40/E5XvgrJyc/r6JP/bbhEGB4gH6Vxhu0KqdQxB3PP26UguWipKsIIMEdDWgtU/jn6Jfy2XnC9orDCHYAdMrD50p4zxv7QlLeiczzb9BVeAqZNqxRKew1VV6bKzTqzbyqq84+ZoDh9rM4nYan0pnEmuf0PjUy6JMOmjNyH8/Spn1dVOwAnzOvyFcZe7psdT5Lt9RU1q2dWO559JisJiX7MnWsolBpWUARe0uNtoT/PepEPvVf4TxZXBbPqeXSm2HxOYHmakqSwL5Ui4vfykxRuJxoVR486rF7iCu7Ix7288oHSumdvZ29EOJxTBRA8T1rb46EBeNYAGnnSp+IgTOvIeO9BY/FlgJNP4bAdJF04DgVE4gTNxYjkFU6HxJj2Ap9ZaZPSR/el3BSRYtrEdxP/kUddYqunrU9vbYaXQvt4ogPmXUHbr0o/h+MAQDNJJmfPYUsa3KEyNST/ehsO5toWA2bblr061vHaNY8x7ZlPM1XLjsGGuka+dWAkfZ5tpgxzpBxD445H8qOPoFlX7SYUE5132bx6H0oDAcQCjI3vTXjV7uk9Br67VWWE61XK3OmTVXGtoe2sWrHeDypzw/Gh3RX3kADqTp7a1ScPYdmARWZuigk1cexnD7/wDUZ71shUB+IZYY7RO/OguElsKcjb1osV3h+YlBI2kxMeNJuIdi82q38s8mWZPmIirnefKSQNSN+tC4p866bVLN1Pg+pmvSndhOEsmLuK6qTaWCd4YnulfQGr3iHIEg1UMNjVwmJZiCRdEHXWV2OvnVjw2OS6O6ee3MUWXdPkwYlT0idHYtDbRrUttlUkDzoK/iouZAN+dbxNwqugE0vQegi5fCITuSa5tqzIGMUE9snXfSh24mEBVtOlapOGj4oGVnWk+Kv5DuJ8KAu8VQMRt086W43GSRrTogXVJC7tJYQnPMOxGg+8OvnSDLRuNuF212GgqELVU9InpbeyBRXdSfZ11ZslmCjma1s2ZYywFvKk82+g/eiLSyfT6/tWmA2Gw09BU2GHdn8X5nKP19aD/RuZ6SlEyKSVHJV95H9qmG0VDaG+vLXw/g0oiyuYecgfP9JoWIRE2N/wBIrK7/AKTpB/nlWV20dpi2zhrlppRs6/8AYeY5+lN+HcaCScxJ6GltjFHTNr47Gp3sI46nrs371lSn6XcFr9Q7GcWW4Ac0HfLuP3FVvieJDERuTr+ld4nAus5DI6H4h6UlctOsgj0o5hLwlzVU9NBr5utQXcVIIMnSo7l7QSaHuXJ8qYpJ6v6PZeBtNi0QARkXXlsOVML+IWYCiTvVF7IcfVcP9mx7yk79NxH0qz2sWHQON68+4apl+OlUpgWNcq4RT3C2o899aY4SxyI7q66/SKC/rbZaDEjvVOvEM6EiZ1En612noJsAxPE3DNp3M2hH5+FBXrhYs09BQvEeIqAFGv8AN6gv4nuypj96bM6AdCztDcJywdG39P58qsPY/ssj21v3hmB+FeUdT1pLhMOt/E2bLRlLd7x5kfKvVmZLKgKIUQABsK7LbmUkBEqqbB8NgrNtZtoqdYAFYojWZLdeVTXRm05HWgMc5Hwipk232O0bxIJkAjzqDDLlQ6yZ1NdoDlodLoUmeZjz6UZhXO1eHUlWB7y/yKB4JxEhtOfPpTLjVvMSKpWKDWX7rb6g1TE8p0Ju+L38HpbnPDA6g+9MMHbLN3joBNebYDtG4IDct+hq/wDBLzsudhCsIApOSHC7GRc3/UbXWCiEG9K8faRhqAaaMsigL560uX2G0Uvi9k23Vhqp28POl/Eb8KGG5MVa+JcNFxYzRBkGqvxTgt1FzEh0HTl4xVcUmTVL+BTNbFcqK6pwJsmjeGW4Bf8A4j86COulOAQQiKICr7k7mhY7Gu9/RHcaB4nQUwRMsDosn2gD5/8AWh1sZnA/CJPTw/Op3edfxH5f3rBF1yps0i92BzYkn5fWfau8VMqiTJJ25ARWKkewHt/CfWibeXYk5tST0J/KaFsxIju3ApK5hppvNbrj7EfjHqK1WGiq0h50ZbHOjnweYQNh/cmoWw5HKRXctlU18MxXnfWor+FR9CAfPf3rvatCu2N9Wn2JMXwIj4T6H9aWXsKyaMpFXA3PWtMisIPsdRRq38iL/jRX9ein2geRimeA4w6d0MQP51pjf4Sp1Xu/Sk+L4W66gSOootzXol4cmPtDN+Kk65defjQ/+MXBIJOXoDSgOy1y11jXKELeRjC7iCdTHSeYBrd3H90CdtqWZjW1St4oxXXwW7sWQLhvuJ+6p/CeZ+g969BN4OYPn7V592f4iiWwumYbj1mateF4krBWQ6mpM0t0V4upLAj6+lQ3kEa1FaYxqax7o5maRrTGGlw7bDahL2GKtJEx9ab4e8Cpg0LjLwitTMKzx0dyQJavP+JklgTV74vehGM68qS8C4EcS4LDuL8R6npVWOlK2xGWXX6oS8E4XcuupVSVDAk8onXzr2KyBlVRyAqOxgVRAqAADwqTCgCYqfLl5sbixKJJAwiKAxqzoKKutmMCk2NusjHpQSuxjArmIKkrXdly65fcUXhbCvDtW8S6JtoadsArPH+DADOgiNwKrBNXbiHEYU9KreFsq96T8IMmnxT12KqN1pA2Hwx+I0ztLlHidB4VPfdXcmMqjYfSubK5nUHbc+UH+9E2bb4riiXDjut1Y6+v7AVIid4eA/n1rhHGoG06elSLOpjSB68h/PChEG7R1PQVEWI72xJPyn9RU57qgDeo0vawRPj56VgRi4QnlzPPxrKn+2U8vpWV22bpDxMOsR1GvlXD4YHyG3h1NarKWhjFt3Dhm2gDmN9KExGGK6jUVlZRo2aeyDlWA1lZWjzatFdluVZWVxqYNiMGrbqKU3uEfhPoaysopbNrFFLtAFyxl3rkCsrKaefcpPo2umtG8J4kyXFJMjNWVlY0mgU2meh2eI5hpRFi9O1arKjpItQY18KDApfcvM3kKysoEcVrtFJdLa6ZzFXnhGBSxbW2vSSeprKyjyf1QE/2YRdGbQGoLFkiZrVZU7Ho7e1BkUHibQ3NZWUU+gsWm7keBsaCxmjSedZWU9egMScTug6VHYt5U8TWqynLw7H6yVI5+tS2jCM/PYeu/wClZWVpPfpJa5E7gD5R+tdhj6T86ysrGAjq9bLERyEe8VltAASd4X5zWVlYET2sGCATz1rKysoTT//Z', false, '2021-10-21 16:34:02.624');
INSERT INTO public.product ("name", price, category, stock, image_url, recommend, create_date) VALUES('ลูกชิ้นวัว', 30, 4, 99, 'http://i0.wp.com/www.thaismescenter.com/wp-content/uploads/2016/10/bn5.jpg', false, '2021-10-21 16:34:02.629');
INSERT INTO public.product ("name", price, category, stock, image_url, recommend, create_date) VALUES('ปูอัด', 15, 5, 99, 'https://img.wongnai.com/p/1920x0/2016/05/31/856ff860f712467995c63954b932e989.jpg', false, '2021-10-21 16:34:02.632');
INSERT INTO public.product ("name", price, category, stock, image_url, recommend, create_date) VALUES('เส้นอุด้ง', 20, 6, 99, 'https://f.btwcdn.com/store-47485/product/67041028-5dd2-f83b-5c3a-60aba88c7f78.jpg', true, '2021-10-21 16:34:02.636');
INSERT INTO public.product ("name", price, category, stock, image_url, recommend, create_date) VALUES('เต้าหู้ปลา', 20, 5, 99, 'https://img.wongnai.com/p/1920x0/2021/02/04/fc21e0d932cf4f11b196aecc5c71bd35.jpg', false, '2021-10-21 16:34:02.640');
INSERT INTO public.product ("name", price, category, stock, image_url, recommend, create_date) VALUES('ลูกชิ้นปลา', 20, 5, 99, 'data:image/jpeg;base64,/9j/4AAQSkZJRgABAQAAAQABAAD/2wCEAAoHCBYWFRgWFRYYGRgaGhwcHBocHBwaGBoYGhgZGhwYGBocIS4lHCErIRgYJjgmKy8xNTU1GiQ7QDs0Py40NTEBDAwMEA8QHxISHzQrJSs0NDQ0NDQ0NDQ0NDQ0NDQ0NDQ0NDQ0NDQ0NDQ0NDQ0NDQ0NDQ0NDQ0NDQ0NDE0NDQ0NP/AABEIAQMAwgMBIgACEQEDEQH/xAAcAAAABwEBAAAAAAAAAAAAAAAAAQIDBAUGBwj/xAA+EAACAQIDBQQJAwIGAwADAAABAgADEQQhMQUSQVFhBiJxgQcTMpGhscHR8EJSYhThI3KCkqLxFTOyFiRD/8QAGgEAAwEBAQEAAAAAAAAAAAAAAAECAwUEBv/EAC0RAAICAQMDAQcEAwAAAAAAAAABAhEDBCExEkFRIhMyUmFxgZEFM6GxFELR/9oADAMBAAIRAxEAPwDU3v8AaE1W33jDOALxIW/eP/X95wvbOtjq9PklUmvr/wB+EcD7v5wkZnsLw0F9dfn4xrJXBLiSagvn/wBxsfn94VN+f4YHyNx+dYOSkrQqrYXeIc310+cQzcdT8BEFich7+Amb3dIrjcMVOA0/NJVdou0VHCqS53qh9mnf/wCuXhKTtP20TD3TDkPV0L/pX/L95y7GYp6jFqjFmPOdTS6XoXVk57LwePLm6to8eSw212grYlyzsQOCjQDkBKh3vCMKe1tvk8/GwJLxYyXwkSP1qtwByyh2GhpGsZpdhdoHpOGVu8Pcw5NMxFBraSoycSWrPQOxNo08TTDpYEDvJxU9P4yS6XNiMuU4jsHblTD1BUQ6e0vMcT1nZNj7Xp4mmKlMjId9OKnmOk52r0q/cgtu68Hrw5n7svsySq2vfP7fUxLgZfDwgq1Qq3JvbkLk30yEJH5/gnOo9YugylQykFCLhhxU5jPjHCAdcoh3IA3Rpw6QJ191/hC1HYVAaxyz+9xoYoIDr/u435DlD8fKJDcfhxi6qGJ3n5t7oI21XM97898EXXHz/IUxtF4/njFkwhpAV4zC3RYZGXMwMxAF9fhBvcdYg/ubyHKHVQqHN64vnDNbLdvIjYq+mhkfaGNpYZPW12sP0qPbfwHLrNMMJ5ZdMFfn5EzcYK5E53CqWdgqLqx0HjzPSc67UdtGqXo4a4Q5Fh7TSp2/2krY191e7TGiDIAc2MhApRGWb8W+3Kd/T6aOFeX5OdkyyyP5eCHiMJuLvObseGvvPOQI7iK5Y3MamzMwQQQRACAGCCABkQoAYsplcefSABIxBuJebB21UwzirSOntJwI8OUoY9h6xVgwz5g8RxEpOmB3fZO16WJpetp2Fh301KH9w4lb+7SSgnT+045s/aFTDsuIw7GwOa6gcww5HSdW2FtKliR6+mxvbv0/282XmL+73Tn6vRr9yHHdePoerDmfuy/JY0mv7/dA+vdHev74TrnyBziUYgn3k/acpt+6z2LyK0zOvLW0S4t3hrx6QObkZ5X88uPvtlG6i2H0vYEnjfhIlsthoY9ev7f+METcfhhzy9cvCLpE1hxibZX/ADyjjKCve9wkd6pM9EvSQtwDLIm5jDknW9/ieghBrmwzY/LiTyHWZXtN2xWhenhyGq6NU4L0X7zbT6Seod8R7sjLmjiXl+Cz29t+nglIa1SsR3UvcIeb9ek5ftHH1cVUNSs5NzqdB0AjFdmYl6pJZs7HU/YSKzk+HKfQYsUMMemKr+39TnTnKbtk44xVXdQW68TILuSbmIjiU75nIDU/mpl2QFTQsbD+w6mG9hkM+Z+3SKqVcrLkvxPUxmAAglzsDs3icYxXD0y1tW0QeLHLynRtm+hd2S9fEBHvoi7yhbcSbXN4UJtHIIJ3VPQtht2zYisW5jcA91pie1noxxOEBqU/8akDqoO+ovlvLx8RALRgIum9jEkWhQGSKlG43l04jl/aRyI9RqlTceY4EcjHK9EEby+zxHFTyMdADBYso3NTkRwIlzs3aD4ZxWw7HdJzUcOn/czsew9cocsxxHAwToOTueyds08TS31IBAu6Dh/Jf4/KS73seHCcW2XtV8M61aLG17kcj1nW9kbZp4ml61DZgLunK1rso5fL4zm6zRp+vGvqv+HrwZ69MvsyaWsxva/K2Uj4nFqlgxJJ0UZsT0EiPXqvlSWyn/8Ao2fjZefjJeEwQQb1y76FzYn+05/RGKub+3c9dt8fkj75/Yfzyglj6h/z/uFM+qHwBv5CNS+fCM1nAUuzBUXNmbQfc8hK/EbTp00Lu1kHx6Cc627t6tjH3EuKY0UZC3Mz1aTRPKlKey/lmWbOoemPP9Fh2k7YF96jhgVQmzN+t+mWg6aeMyoATNs2Og4DqeckVqQorzY8ftKtmubmdulFKK4XY5zbbt8h1HLG5NyYiC0OAAA5xTPf7cIiCAAms7Bdkmx9exutFLGow1sdFXqbeUyc9I9hNmphsDRQABnQVHPN3AOfgLDyjSE2aPAYanh0WnSVURRYKo+fM9YpsZ1lVjMXa8p22ic85Mp0yo47NYuOkmnXvML/AOQa+svdlYljFGduqHLH0qzJelDsItZDicLTArLm6KLesXiQBqwy8ROGkW1nrtjlPOnpL2D/AEuNcqtqdXvpyubb6+TE++a0Zp9jHx2jVKm4zB1HAjlEQiIFDlemPaX2T7weRjEdR7eB1HOE62zGn5kZLQBJUI0ltsXaz4ZxVpEixzWU8XTexvBNphzszu+w9p08VTD07Aj20H6TzXp8pNLW9kW/OU4lsfaz4aotaiTa/eHzBnYtj7WTE0vW07fzS9yh5jp8pydfo9nlx/dePoezBmfuy+xK9X4/nlBIjIbmCcq5Hrr5nI8ViamLe7HcpjQcLdBHnrJTXdWwA95kHEY4Abq5ASsq1i0+tbo5ArF199rxpVvpHKFAsbDzPADmYuvUUDdXTi3Fj9pPzAZJtkPfEwARYEEgEAQ92LtD3ZSQhoz0/g6g9Um77Pq0t4bot8J5iZZ3/sNtEVsDQa+apuNz3k7ufiAD5xNAWuJp7wtaZ7aWGddRccxNWjDjJAwyNqBF0KRSm4mV2ZgmcAsLAW85qsHSCgACPpSUaACIrVgB1lVGKJcnNkz1lxOa+mbZ6vhUrfrpuFv/ABfIj3hZuaFY36TF+k/bVCnhnouod6oIRf2kH/2E8N3UczlzsoysTjTOH2hGKEBEoYiGG93KC0BEmhgZeI0iI4jW6jiIdRLZjMH8ziaAFKoVPTiOYl1sTa74WotWmx3Se8vC3EESgElYSuFNmF1OTD6jrGgOsr2vwxF/VjPP2+flBOZ/0lPg4t4wSP8AHw/AivaT8sqCY5TS/QcTCC8Tp850r0T9kVxLHEV1vSpmyIfZd+Z5gfOUl5Iboz2xux2NxSj1FBhTP62IRW63OZHhJ1f0VbSVSwpI1uCuu95b1p6HRlUACwAyAGgjoaDFbPI2OwFWi25WpvTb9rKVOWWV9YwBPW+O2fSrKUrU0qKf0uoYfGcw7ZeilNxquBurjM0Sbq2txTLZq3IE24ZRphZxlVhmP4nDvTdkdGR1NmVgQwPUGNGaDG3E1fo97Sf01Y06jWo1bA30V9FfoOB8uUyjRoiTID0mX5SQlcgTj/ZHtyaIWjiLtTGS1MyyC2SkWuw+InUMNjUdQyOrAgEEG4IOYMy4K5J7486DWQXxRJjdSoOcbDA8ZErZapE2ttFaFJ6tQ2RFLMfoOZJsB1M4Ft7az4qs1Z/aY90cFUaKPzUma/0ldowwGEptdQQ1Qg5Fh7KdbanrblOfKJrFGb5DEOCCaCCiTFmJIiYCYtGtrodREwWkjF1KdsxmDofzjGrx6k4Hdb2TrzB5iJrUypt7jwI5iJgJ34IiCKwH8PSapUVB7TsqjxYgD5z03snBphMPToJoigHq3EnxN55x7NuFxWHY6Cqn/wBCeitoVDG26BK2KbaBvJWH2jc5zNevFzvEj7x7B4i5masuUUbOjXvHS15T4PEaXlj6yaIyaOOelzs6FxC4hMvWizZ3BdRYHpdQP9s5k6EEg8J6E9JuB9bgKrKO9TAqj/Qbv/w35wTEHeUMPOaJgiCYuhhXqNuojO37VUsfconSuwHo3/qVXEYu60WF0pqbPUB0ZmHsr0GZ6ceybM2VRw67lCmlNeSqBfqTqT1MTaCzzxhfRttF03xh90cFZlVz/pJuPO0bqdlNqYW7LQrrzNM74PiEJ+InpZnAheuEh0CbPLLdpMYp3WqsCDmGUbwPI3F4ziu0GJqAhqz2OoB3R4ZT0xtzs7hsWhWtTVgdDbvqeatqDOGdtPR5VwQNVG9bQvbesQ6DhvgZW4XHuEFFD6jEIIoCHuw7S0gCgAllsPY9XFVloUVuzcT7KqNWY8APsNTO59l/RthMNutUH9RVFu84BRTke4mgzGpuesfAm6OEYXY2JqANTw9Z1OjLTdlPgQLQ8VsLE07l8PXUDi1NwPfa09XbwEBcSeoXUzyBAZ6g2z2RwWLB9bQTeItvqN1x4Mv1nIe2/o0qYRWrUHNWiM2BHfQczbJh1yj5KT8nPItHBG62nA8j9oi0BEmhiv6duUERc8z74cVAClUKsGGoII8Qbiehdm7RXE4enWX9ai45Now8jeedp0n0W9oVTewtQ2DHepk/u/Unnr74LwBuKtBidJYYGgbC4kpKYOcfWwEpRSJbbHKSAZmTaNa4lY9XlHKFSxkt7jrYG3ag/pqwOnq3v4FGnm/ZFI1GWkNXZUHi5Cj5ztvpA2oKGDrZ2LqUW2t37vwBJ8pyv0Z4T1m0KPJN6of9Km3/ACKxp7h2PRmFQIiINFUKB0UWHyhvWkctGqrC2UGxJCcTjrSqq7UO9EbTqWU8+EqKDbzX/wC5jK26N4qKVmxwGNvJ9ZUdSjgMrAggi4IIsQRymcwwItLVKuQmitGUkmefO3XZo4HEtTB3qbjfptYjuFj3STqy2sfI5XmbDTv3pKwFOvgKrMvfpLvo3FSCN7yK3B/tOALofCaKQkeiPRv2cXC4VGZQK1UB3YjvC+apfkoIy53M2W/aUGw8aXoUi2ppoT4lAZZrUvFdioTisRYyG2MN7R7EAyuxFBr3XT68pLTKVFnRxV+MsKbBxukAgjMHO4lLhcO/EeJltQAH3gkyXRxf0qdiEw3/AO1hltTY2dBojHQqOCk8OE5jeetNqYFK9J6bgFHUqR0InlnbezWw+Iq0G1RiviOB8wQZQJ9ivvBEwRDDEWrkEEEgjMEZEHpEQQA6x2C7aesAoYhgHHssct8cj/L5zfM/WeagbZzZ7A7f1qK+rrA1UGhvZx0JPteefWKxnYd6EMRac5q+kqlwpOf9o+sotrdvq9QFaSimp433n8joPdExlh6V9ripUp0Va+4CzDkzaA9bX98rfRdjBT2hTvo6snmRcf8AzbzmSdySSSSTmScyTzJjmHrMjq6mzIwZTyZTcH3iNCPUT1eESmZtwtM92a26uKw6VVtvWs6j9LgDeX43HQiXQdiCFIDWyvpfrBgHidnBtRflItDY4Vr8pa0auVibmG1aUukm5cDYpWytAzDSJq4oSp2pjtxGckWUXJJsLCTKSKUWUnb7bqUcNUQ2LVFamq8LupBJvoALn3Thkuu1W3Tiq2/oiiyjj1Y9T9BKOCGz0D2FxYfBYcg3IQKb81JU/FTNRRecb9Fu3Nwth2PtHeS+l8gyjlwPvnU6Ve0LFRdmlcR5MOBreQ8PixJq4kWlJ+CGmLFuUJhGHxQ6RpsUDC0CiySz2nnr0sKP/I1CP1Ih89230ndGxM87dtdoevxtd7iwfcX/ACp3fp8ZNjSM/BBBAom42kA28uatmPsZDj9OpbunT5HnG3WxlsQgwocEkYUEBEFpIBiGRCEOMaLfs92gq4Opv0zdTbfQ+y4HPkeR4fCda7P9tMPie6G3H/Y9gx/ynRvLPpOGGCSI9MJX5GB8R1nnvC7fxNMWSvUAGg3iR7jcR+p2rxh1rv5bo+IERVnb8VjEQMzsFUDUmw95nKO2nav1/wDg0WPqx7Tab5HAfxHx8s8tjMfVqm9Soz203mJt4A6SLCgbBDhQSkSO0qjKwZTZlIII1BBuD751rsj21WuFp1SEq6fxfLVev8ZyAwxzhwB6SSvbjHv6g2yM4tszt9iKYAqBaoHE91/NgLH3TSYf0iUCO8tRTysCPeDDYpHQqmK5xIxUwrdv8Lnm58FN/jM/tb0g1Gyw67gz7zWZj4LoPjJoLRs+3naf+moFEb/GqAhbHNF41PoOvhOKFrm5j2Mxb1XL1GZ2OrMbn+w6SOBKRIIIv1Z5Q46YrQ7WSNBrixlztXAsjFSLWlPUS00khJjZEAjy0iQWAyGvS/E9IyBIaooO0G7F7sFoqHQi0ImKM2/o+7CPjn9ZUDLhlNiwyLsP0J9W4aa6FA3RmtibAxGLYrh6TORqRYKv+ZjYD3zdYL0N4plvUrUkP7QGf3nIe687RsrZdKhTWlRRaaLoq/MnUk8znJ9xDYjqZxhfQobG+LG90pZDx7+fwlTj/Q9jF/8AXUpVB1LI3uII+M77cQiIbBbPKW1+zmJwxtXpMmdgTmrEC9lYZHLPX5SonrjaOzqdZGp1EV0YWKkXB/v1nnbtt2PqYKqct6mxO4/Bl13W5MB77XHQa8DTsx8EEESGCCCCMAQQQRACCCKAgkAQEsMFhQe8+Sj49BGqKqM20+cKrW3jyXlNYpLclst/6+jwpJbwglRaCV1kdKOlbZw6Yuj6+mO+tvWKNf8ANMRiMAtr3mg2dinwdco2YPP2Xpnn14GO9ptmKhWrS71Gpmv8TxU+EcZxnFSjwwlFwl0szWzyKTXIBByKnRlOqmRdr4AIwdDem+aniOat1HxjuKcHSK2diBnSqew//FuDCDpqhq1uVinKJMdxuFak5RvI8COBEYJmPBrZP2Js44jEUqANvWOqk8lJ7zeQufKenNnYdKNNKVNQqIoVQOAH14k855/9GOENTaNHPJN5z/pUgfEiegC9oyHuyZ62IetaQ/WyFi6ptJbKjEsv68A6x9MbeYyvi87Xk3B1W1ztITdluCo1y4gSt27smji6RpVVJUkHI2YMNGBHGIoOZLL5S0zJo8t9odmNhsTVoNqjkX5qc1bzUg+crZq/SZiVfaNcqbgbqk/yRFVh5EEeUysO5QUEEEABBBHqFFnYIqlmY2AAuSeQglYDaiPOhXIjPly8ZssLsAYdCzbr1yPFKXQfuf4CZLG0WDHeuTfWbPG4xshTTdEQsTH6SEwUaJJyE2Gwez4CevrncpDj+pz+1Bx8dBFGISZnf/Hv+2Cbf/zWGGQw1Ow5nPzzhy6RFsXt/AmqoRV74N1a/s+PMHiJA7ObTWz4XEiyOSDfWm4y3vzhNTcH81My/afZwv6+n7QHfA/UvBgOY+U4H6bq/ZtY5cPj6nW1en649UeUUO3dlPh6jI48DwI4EHkZT1Fm/wAO6Y+gKJI9fTW9Mn9ajPcv8RMPiqBRirCxHDlO61RykSsMwrp6prB1HcY8R+w/SUtSmVJByIj5YggjI/KP4mp61d79Y169YpepX3KWxc+jXH+qx9K+lTepn/WMv+QWd8dp5doVCjBlyZSGB5EG4+U9E9m9srisOlVSLkWcftcDvKfzjIfA+5boJHxNMkZR5DHGWSkNszowj3NwJY4akwAvpJthCyjUUg6mx2m1orEVgqMx0AJJ6AXMjb0zHpE24uHwbrvf4lUFEF87Nk7eSk58yIrBnDcbiDUqPUOrszHxZiT85HggEQw4IcnbL2Y9dt1RYDNmOSqvEsZSi5bITdbsawOCeq4SmpLH3DqTwHWbLZ2Gp4dbId6oRZ6vLmlLkObcY2TToIadG9j7TnJ6h6/tTpxkUYi2fGeyGNR3fJ55zctkW718gOHLlKvaGEQ5kgGRRimchEBLE2AGdyek0lOhTwKh6+6+KIulI5pT4h6nXpHKSexMYtDGztj0sMi18UM2zp0dHfkz/tT5ysxu0q+MqWBGWVwLU6a8FQaXtGWqVsZUZizbpPec8f4rL7C4ZaahUWwHvJ68zOVq9csfphydPS6Rz9UuCo//ABtOJYnnfWCXJ3uQ95gnK/ycvxHS9hj+FF8qZAX1jm4Be4GnH69JGVye9oeC8hwkgkMBx8Jz47FSsxW1MI2GqipTyRmup03G1K9AdRJW2FTF0v6hQBUXKqo56B7cjx6zRY3Cq6srjusLHn4jqJj0L4WrY2K5gg6VEbn5fKfRaDV+1j0S5X8o5WqwdD6o8MzGIQqbSMrkG4mm29s4Czpmji6HpxU9RMw62M9rtM8y3HaoBG8PMTRdh+1JwVU712ov7ajgeDgcSOUzFNrGKq07Z8JL8jPRmzdr0a679F1cdDmPEaiTfWdZ5nw+JdDvI7KeakqfeJMqbexLCzYiqR/nb7xWhnoKtiVW5LAAa3OQmfxPbLCJvXxCG3Bbn3WGc4g2IY3BZiDrck38Y1FYHTtpek4C4oUyxzs7mw8QozPmROfbT2lVxDmpWcsx56AclGgHQSHABAAAQGC8kClu2Le7j58o0gY7gcHvG7HdUann0EuKe0gFFNBuoOH7j+5uco2qFvDgI9QNjN4Pp4Mpbls78TG8NQeu4RFLEnID8yEk7P2ZUxDBVFhxJyAHEseAlvitp0sKjUcMe8RapXtmeaJyEuUrISJSvS2ehCFamJt3qmqU+apzbrM5QoPiWLOWCE3JPtOfHlF4DZ7VSHq3CaheLfyMvdBYADkOHScrV62vRj/J1NLo/wDef4Dw6KoCgAKMgBwkkADxjDNb6R2mvOcWTvdnWS8A9Z0gi908oJOwti5RFtnbx+8S9YDT7RbjeH2jLrYjK/5rMqaMlvyDdJJ3hYcOZ624CV+1cEKybmjLcqfp4GWm8Tf8vGlXO/x+0uGSWOSlHkUoKcXFmQwDjOhWyUmwv+hxo335gnlKHbWy3puwYaflweIPObXtBs4OvrEGY9rrbj4j6dJGwCjFJ6h//cotTY/qH7GPPUj3T6jT5o54JrnucTNjlhlT4Od7ssdn0fWAp+oC69eksK+xypIIzBN4zTw5RldPaBv/AGM9CxmTmimrUypIIsRG5ttubNXEURiaI7wydOII1P50mKmU4OLo0jLqVhQQQSBhiGM8hFJTLGygmWL4cUR3s3I05faUotiboZWkEAZs2Og5dfGMG5NzDNybnMx+jQLaCaKJLkNok0GxNjF++/dQZsx0UfUx3ZGy1HfqHdXS558hHNpbQLbtKmvdGSoOJ/c0p1FXIlJydIf2nthUUU6IKpz/AFuev26yNgNmFmD1RnqqcB1brJWA2buHffvP8F6L16ywZuU42q1zn6YceTrabRqHqlyJ+cMc4LW8fjEqM+fyHiZzTooeVI+q5RCiwtx+UWJk9xibdTCh7ogjEXtFQoz0On2iKlM8cvz4R0jI314DkPvCvvDS5HyjiedjaJu5k+f0hugtvHJdTHGp5WNvzpI4YKApv4a9fKDiNMZsWFrWX4mZ3auBak4qJcC98uBE1JFrXh16Ssu63HX+830meWGdrjujLUYo5IV37ELDlMVT9co/xFFqqj9Q/eBz5++Z7auA3Dl7J5cuYj6O+DrB0J3CcuRHEHnNFi8OlWmHQdx87Xv6t+KeB4T6vFkjOKa4ZwckHB0zGbIx5w9W5F6b5OOFtL2/NZE7Y7DFNhVpC9J8wRoOl/OT8fhCpsRLbYI36T4eqLrqp5eHhKnHqVCjKnZzC0k4bBM7bqi80GL7LutYoATqfLnJGLqphk3Ezc6nlMI4vJq5+CC6rhl3RZqh15LKllZiWa5J1J4yYib5uTe8tcHs0nO1h+aTTpsjroqcNgCeEuqGEWmu848F4tLFtykudt+3s8urfaV9Ki9dt43C6F/oszy5IYo9UmaY8cskqSIzvUrPuqbkf7KY+pl3gNnrSGWbH2mOp/t0j+GoJTAVQB9T1PGSCl858/qtZLK6WyO5p9LHEre7GwpPhEEgHrpeO30HCGMMN7e6W687TxWlyehkc0ienM/SPhQojxW+kIqLZ8/wROVjGl1j28BqYSJfPjHko28+PHxvJbQWR7ePxgi/6Ff5/wC5vvBL6oeWTbLhjmvn8o5htT4fQwQRQMXwIY97ziKnGCCNe8PsN09G6HLplDwmbL1vfraCCavlkdiL2hQbj5aC46G+sg9inJ9bTJ7hU93hkLwQTufpv7X3OXrff+yAahYd7PMcBFrUIItllyEEE6bPEObQxL95r57lr9LjKZrbVMMwJF9PlBBEIjYKkLjKaLA6OeKg26eEOCHYO5Q+06A53OfXPjNE+VgNLaQQThfqfvI7P6fw/qNn6w2c97P9P0ggnL7nTfAeG9m/OSRBBInyxLgJ+EI6wQSUA+vGLXQwQSBDd4IIJQH/2Q==', false, '2021-10-21 16:34:02.647');
INSERT INTO public.product ("name", price, category, stock, image_url, recommend, create_date) VALUES('เต้าหู้ชีส', 25, 8, 99, 'data:image/jpeg;base64,/9j/4AAQSkZJRgABAQAAAQABAAD/2wCEAAoHCBYWFRgWFhUYGRgaGBgYGhocGhoaGBoYGhgaGRoaGhgcIS4lHB4rIRgYJjgmKy8xNTU1GiQ7QDs0Py40NTEBDAwMEA8QHhISHzQrJCs0NDQ0NDQ0NDQ0PTQ0NDQ0NDQ0NDQ0NDQ0NDQ0NDQ0NDQ0NDQ0NDQ0NDQ0NDQ0NDQ0NP/AABEIANcA6wMBIgACEQEDEQH/xAAbAAACAwEBAQAAAAAAAAAAAAADBAABAgUGB//EADIQAAIBAgQDBwMFAQEBAQAAAAABAgMRBCExQRJRYQVxgZGhsfATwdEiMkLh8VIGcmL/xAAZAQADAQEBAAAAAAAAAAAAAAABAgMABAX/xAAjEQACAgMBAAIDAQEBAAAAAAAAAQIRAyExEhNBIlFhBHEy/9oADAMBAAIRAxEAPwAil1LcgfGilI82zsoLxFgbkU7ZGs1DHHkRSAqfMdwuAnPSNl1y9NWFW+GegNzXFzPQYT/zLec2/PhXzxOtQ7CpR29PuyqxyZNzijxkE3om/Bh1CVsoO/cz20cFBfx9S3Rh/wAof4v6J8h4mFGVs4vyZfA1s/JnsnTjyQOVGP8AyjfGb2eQbIetpYGnOX6o378zyuJgoznFaRnOK52jJpewso+RoyswmXEpFyQoxCJFXtqXYxi2Uln1+blt7GrmMUyWui5JEsYxLciMpPlbLU1Yxgak+RE75GyomMVJdxcV0Klfb55mloYUhLdxCWGMecjO5PqCvERT6nKdXkbVQPhaE6j4YJvnyS5tmey8BOtLLKK1lr4Lmz3/AGR2RGEUrJJeb6vmyuPG5EpzURHsj/z6VpSzfNr2Wx6SjQjBZJd5uJGzrjBR4cspOXS2zLMSmYcxhTbZhsy5mHIwTUmDkypSBuYthoYwztNHjq8WpzT1U5p96k0z1UZ2FsfgYVZcf7JvVrSVuaFlG0NF09nmki1Jczo1expr9s4vzT+4rPAzjrBvus/Yk4tFLTAond5GZK2t13r8loAS1LmauYL4TGNJlt6d5hSLRjGrld2hZT6GMWZZb0Kvtnpr/ZjFX+bmrkXcSxhSdCW+ZmjPF1GMeL4jrdjdlSru7uoJ5vRy6R+7+IfYfY8q8rtNQTza/k/+V9399PpnZvZ8YRWSSSsklZJEsWP1t8L5cqjpdK7L7OjCKyskskdIoxOZ2pJI4m22alMFKYOcwUpgbNQVzMuYL6hX1AWGgjkU5AnMHOtFayS72BuuhSCzkCcgTxcP+4+F37GY4qD/AJr29xfcf2hvL/QxxE4jCktmmWwgLcifUfMyYkzGNTmnlJJrqheWEpP+Lj/8uy8tDUimwMKFp9mX/ZNPo8vVfgUq4SpDWDa6Z+2h0rlxrNbiuKGtnFXr82Lllmdqc4y/fCL8M/MXlgYPOE3F8nmvz6g8/oPo5kX+S2xmtgJrbiXOOfpqLNgqglqXzYuNtLZmU+pd/iAY1tkWn0M3NNamFBtcT6fcPkVGDf7U2lyV7FjGPQ9ldnRhFWikkrJI6hRlyLpJcIttsuUhaczU5iOIqmbCkbnVF54hLqxSpWuYixGxqGnVb3L+pYWUherVvvkRyZlBf0eEPQbE462Ud8r3ObKblq8yQbyet729vf2NRirq9r/PI8+eWUns6YwUeAnK7SX+fMjoUMM5Rvnfr/hIxvlbV9x0IZJJJLqaKd/wEno50sLbJq/eHw0ZQ3y5O45KV+Rhw6sp/wCXaYl2qYanNS0yfJ6lzgLuNtLp7P8AoNTq3XXc68Wb1p9JShXAU4MHK43xmJWLaF2JSkZbG500ClQBQbANlcRqVNow0BhVG4Vmtws6sJ/vgn138xUhrDQSWBi/2St0f5/0Uq0ZQ/cn7rzGEzca8l1BSBsQLcsrjUoQezi+mnkKzg7524de/wDAHoKH8HU4IJW5t97zYz9eBzXUMfVHToDR7RsHORHIFUkWIgq0zm1ZXGK0rgJREYyF5IqKublC5NCU5UUirMzkkvcRrLd77ctQrfjzByu9f7PMnJy2zpjHyD1a2SXzuC04ylbhj01sYsl4jWBg72EXaC+DVOnw66rVhOLln7BZwt12Nwh0+XLcdErKUsuZpXNcKXuGVMdWxWB4Hrf2sLV4Wd1ruufM6EoCGJyTM/xdoy2BdUr6pz3Wy1MOudPyB8HT+oWpnIli7K4JzlNO82o9Gkr+7Qks8Y6+wrE2dmeLhHWS1tzfikKYjtCP8IOfX9sfN5+ghdWt4K2QSNrWXnfTwJP/AESfBljiujMcUn/CSfLJ+ty1UXd35F4VJh5YdWtp3u5o5p96BxiBZAn0srrTx9DDh83OiGRSEcaMSByZJysBnUHbMi5MHcHOqD+oL6QyR71yFK1S5dSrsDOo5TLRhwN3I2I3QUgE0LVBqYvOJCZaArNguneXi/02e25UJrX5l8v4nn5I0zoiHhnb5ZdPQcw8Ld9/n3EYzs1vfraz2OjS11223Ejs0htRyv8AOgaMbi/FpyWYaFS7+aF4tEWgqfL4jVvmxhStcqUx7oWi6rOD21iuGMrdTpY3FKEXp35niu2e0XN2Sss8+fd5E5v06RXHH7Jh8ZdWbzCfUbdjjYaTUlb4jr01lfd+wuSTiXUUbULu9/0p2+egVW309O/oYpQby66L1zGp0Gtms/6ILewuhepVbe2lkg2Ewzl+7Tvtcaw2FSV9Xf5YPOGaa7wtOrE9LiGsFhP05K3LP5cPLBWd7J+PIbw0XwrcKup1YoryrOeUnZz6lOTVoqNtwbw7/s6Lfzcy5W5DOO7sCkcDEQzaZza1Lkzt9pxWT62OVUZX1cRoo5lSTWoH6g5UAfSXMg5Mqkj2nERzFnULU7HouVHEo2M8Vgc6iWbdhWriLI5lbFOWds9Lb/50OXJ/oUXX2XjibOjU7QjbJN7XeS/IrLFTl06L86+ohdt68l85+B0KOFnZvKyy1z9vU5ZZpS+yyhGJiUpSyb9PuZpULNtN23TV1fpyYxSpdH6m+CVnZE2210NikoSTvb9OqG8PiXfT/OhqFB5fk3Uwl81k/R95Kneg+k1saVe2STv9gtOfqIRpTXXxLhTmne3hc6FGfaJPydJ1La/YxUrdRSTm9bIxOPPMdY5SYv4oT7RqOeW2vecDFUj0FaJzqtBtlHBRWhoyOPhqH8vI6VNXSRU6dsiUWr56K/8ARx5HbOhcHsFBuTtskOQzu7aZLuEsJJpN8/tkOUpq1lfXlv8ALgi6QkujMGlG7zbC06fFbwAQyknbJHRw0s9ev+FFTdMk9bOlCNsuX9GKs8r+plVPnzUFKXP53+h2NpR0QrZqEObv05FyW1vQy3ZfO4zUllm2JxB6c/tRfp7s15/6cKqztdrVbQb3/wBscGU7oCfS0VoDMHY3IwTZRHoUynLJv5fYkgeIdkjpzzpaIwiJ4ip1v+b7IDLLfXU2823o977X7jWGw3E+SWvW+iR562zo4CpUpZOzs2dyhbLe2bWzfgLT/wCYrJDuGjYKjbElLQSne2aMyT5XCpknDZFapaJ3bBwQaEGXRpsKk+WQnm1ZmwM4Wu7f4CbY5PlYThLLPbI6cM6/FiyV7Mu/IHKL5B3MHKZ0ehKAyoi86Y1KRhiy2OtHLr0Tn1FwvPJPK+3S535wE8Zg+KLVtUcuTFe0XjMDhp2s+quP0Z8N1zz8zg068oNQmnyUvZS/PnzOxCt+mzjpo/mhDz5ewy2dLCWd0/Ho88hjDz4W087LL3EsNLhiravbvyzDYeN209fXwHV6om10chVbtK+Wi587+QdPbnbXl+DnUZOMuF7aPmufsNOorc3otikZfsm4hZSX3+wOtVSQCpVsszl47F30C5MMYi3bGLcv07Xv5HKoTzaNYiTebA4fVhpqOysRiUjNypg7k7Ho9PIxiUFmi5Wum0VzbIxYj9K7T9PR3YSFPlp83DyV5ZI1wWOVIpZFCyuNUYvNc7AFHL7DtKD4U99Bl3RNmoQtpsbhALCGSQWEUrPnoWUbJtmYwNxgahDI1N/PuN51YLFq6sjjV6/6mjp9oVrJ37zxNfH/AK2772JKVSKxjaO265mWJS1djnRrN6EhSc5WWu5pZ2tIosa+xqePf8V4v8AXOpLWWXSy79A0KFtVzZulTyz70Tc5S6w1FcQLD4Xpf2G4Ybks+ja9hnCxy0yRcqsI/hLMaMdWI5OxCpgeNWkrvS99TMcHJJJO65PXuuNwq3eSsvNvzDRptv8ANvsMnWnsDsTg5x2a66hIYjm102fqPJbMqR0RwxkrixHJrqFp4lPfTPW9gUsS9vDIYnJckAnIPwL7YFIDVqOWojVGqkxKrd6ILjGK0Mm2J15GKENWFdFt5suWRGUtFIoxIq5UirkiiPX1IGIxvqNzgKYmk1+pbarmjsyQs5YyLhHO3kahHO7zv+dAFOqm/DPmNUo5epx1sdmo00mmP0Jqwqo5GlLNBj+LFexx9PP3ZuTSXzYBCeRqMuZX0JQfistQc5qwKdQ5HamPcU1HX0QspPiGjGznf+m7TSXAtXouS5voeTTbdtW2ku96DGLi3Jt5t6vmNdg4bjrJ7QXF6pfd+RNKv+nVGoxOzhsA1CPPK/3fuPwwaWga5d7IosMVtnPLJJhKeFQeGHgthGhicwlfENaAXxx3QH6ehtRSVra5gJ0IsDQrtuzzGJrIdShJcFqUWSNCK0SCcCQp9RpjFKomBxX0G2XKF08tgTew1GK63FsTFpGg/LN0XklyAyii5zAzmdDZkjNVpCNWpc1WmLSZGUrKxRmUgM5GpsDJkWURdyiFAGR9AcTLgbIj1Gjz7OfiMJyuuq1BUqc4K37s+5nVaRTpk5Yoy6MpNCUsRL/m3r7BIVVz9A7iRJE3/nX7N8gNVXsjSlLkbuU5GWBfbN7AVlfU5eKpHWmK1qY/hJUjKR5bF0hj/wA5f6jXOPs9hzF4VsF2daE14rzOOf4yR0xfqLOtO6fuBx9b9KUXrr9vuHxHMQlJSfDuJlk0mkJFJsmGi7j8oXV787Xv9l86GMNS4ddxmyIxi/OxnJWYw1LzGZlUFmEnJX22/JaKpE5PYvXlFIXjOxfasrKL0s7+F9Ou5lDRdtoNas6lGfEr9MwONdo3KwUrGe0Z/ofzoO0KuiEmK15lxqZW5CtSdyk5VoeKBzYObLkwMpEGyqRmTBltlAHRCEIAJ9AuS5m5Vz1jzTaZaYO5OIBglyWRjiL4gBJwE4CcZniMai3BA5xRpyMsDMhSvTucfFUmndHoGhevh00Qy4vSLQnTAQqccFJbq/8AQrhoL6iuVSi6UpKV+CWaeeUt/B5eQ3OkpWlF35PZnLKDa30a6Y5ipXSSYKEQVOb0YVzEe3YvNBIlfUzBOTKBZqJjJKdo62JONnZbJe1yIl237lYfb+zMLRdlcT7SxG3ImJxPC3FP516HKxVY0fylf0h/NIyql5eBJMBQlmwk2NJ2xooqTATkanIG2IUSKIQgoxbZ0qXZUmk+fVg+yMHxz/8Ayj2tPB5LI6cOD0rZz5cvl0hVTvuS5zKVZodhWT+fY7DmDXJcyVxGMbuS5m5LmMauS5m5LgMXclyrlNmMauVcq5VwBJOCas1cQlg5Qd4S74v9r8PuPcRXEJKKkFSaEfq2a4otPnqvM05K+TQxJp6oDPDxZGWG+DqRJsHKrlZamvo25+bBSpxXMm8DGUkbhNby8P7M1cR/zkAlNLQBUqPYeOPytmu2YrTS72c+rMYnCTzYP6S3zEbSHSKw8cr8y5suUgMpE27Y6RUmUQgByG6NJzkorVmEj1PYHZdrSa/UymLG5yoTJNRVnU7E7NUUorxZ6LjSySB0aShG2+/4MSrJcz1IxUVR5spOTs8TBhIsoghQYp1WhmNRMhDGLcORm5CCsJLkuQhgkuVchDAKcjDkQgAlOZmUyiCsKMcZXEQgAlSmCnVIQWQyF51VyFp1bkIQmykQMpg5SIQmx0ClIwyEAOiMtkIYJ3+w+yr2nLwR7nBYVQV3q9OhCHpYYpR0efmk3LZvEVOGN93ku84/1VzfqWQqyKP/2Q==', false, '2021-10-21 16:34:02.653');
INSERT INTO public.product ("name", price, category, stock, image_url, recommend, create_date) VALUES('กุ้ง', 50, 5, 99, 'data:image/jpeg;base64,/9j/4AAQSkZJRgABAQAAAQABAAD/2wCEAAoHCBYWFRgWFhYZGRgaGiMcHRwcHBocHB4eHhwaHB0hHBohIS4lHh4rHxwaJjgmKy8xNTU1HCQ7QDs0Py40NTEBDAwMEA8QHhISGjQkISQ0NDQ0MTQ0NDQ0NDE0NDQ0NDQ0NDQ0NDQ0NDQ0NDQ0NDQ0NDQ0NDQ0NDQ0NDQ0NDQxNP/AABEIAMIBAwMBIgACEQEDEQH/xAAcAAABBQEBAQAAAAAAAAAAAAAEAAIDBQYBBwj/xABAEAABAgMFBQcCBAQGAQUAAAABAhEAAyEEEjFBUQUiYXGBBjKRobHB8ELRE1Jy4SNigvEHFJKissLSFSQzs+L/xAAZAQADAQEBAAAAAAAAAAAAAAABAgMABAX/xAAiEQEBAQEAAgMAAgMBAAAAAAAAAQIRITEDEkFRYRMycSL/2gAMAwEAAhEDEQA/ANpLQQScainP+wie1ziFUwDE8RUK8KGGhJSxPdLJPsfGnhCUm8kkYjL1+cY82R2mpS1Bp7D7RI1AMWLQrLKUUnM4Pw/t6RZpswSCM9eRh85LdcKRKus+NH0ziWYWb5xjilgnCG2g6RRNxa6np884jKcfmMdKmu8R6Yw1Rr0b1/aFp4iUqo+YRwlxTKo10945MNDwr4wyWvDH5T7QtOZaB84j9njoIhTFUOZHtj5REhT9IHGia0Vbz56/NTEKJlX6HnDisFjrDZqGU2R9RGYpqGPDEfPmEQbUmrNmnXFMtMtZSrNwgsecSLmgIdRACcSSwHUxkO1fa2UmQuXJWFrWCh04JCgyi+BLYNmekPjNt8F1ZI84mW9aiSTU4k7x/wBzxAqYTiTEZMK9Ha5Tr0TS7UtOCjyNR4GkDFUK9GZfWHtNOltdNw6oJQ/6kD+Gf9EbTYf+IBO7OAXxQAlY4lD3V/0l+EeXgwinOE1nOvcGas9Po2w2yXORflrC0HNJz4jFJ4GHLRl6eojwjYvaCbIXfSspVmrFwMlpwWOOIyMer9nO1su03ULuomnBL7i+KFZ8Umo4xDXxXPmelc7l8VopS68c+I+8SqQMRhlw/aISGiZC8sonw5kyW/P55QHPs74Cox4xYKQ3LI6cDwhFL843G6oVyXy5gxR7R2SiYGWgKAzNFp5HGNpOsoVlXXPxgGfYyaipHjxpnG5Z6N2V5RtXsipLmWb6dDRQ64HyjOWiyrQbqgQRkoMY9omyK4Y5faK227NQtJBQFp0PeTyOMUz8tnsmsSvI7/OOxuZnZWS5Zaxw3ftCin+WF/x16mJF5C0kZ/YiOpsqQQTi9fnOsTS5r3VZHdV7HxhThRxik+lD5ekc0khu30chQFAGy+dfWGqm8c/vDkgeHz09BAc1dacRzxh+txLaHfHH2PtDlL3T4+0D2lTsePljDkLBHl5fPCBaPHb5KQ2R/eFeqGyfy/eIUEMRp+whxVifnxxC0Y6uhPEN7iB0HX58ETzsA2XweRiCYWIPz59oxnVlnOXwHyaIkFj5HpGb2920kSSUI/iLGQ7o5nyjz/a/a20T3BVcQfpTQddesUz8Wr78J35JP7embT7T2azuFrvKH0oZR4h8B4xjtr/4hzF7slCZY1O+rzoPCM7s3YE6fvkFCPzrdzR91OJoQchXGNZsrsyiWoPcCyCU31Bay2LJSCEnhFPrnH90v21r+mfkWK121V5a1EY3llTcbo14Ui5s3ZCSlry1zD0Ql+AFW5mL1KZgYHAFwG3cP2gpMsnAueAeGzrqepxTjs7IAYS0PxD+sKd2fkN3EE8AAR8GkX8xN07xTQa14vyLxBJmJLkllNoz+OEPNF4x9p7KS1E3CpBbJyBzB9ozO0tjzZNVB05LTUdcx1j1yz2dK0qVmGJqAwN5+eAw4wIuy3gaOMK4Qeg8fCoclcabb/ZoIJXLDDNOnLhGXmSyksRBFKC8TSZykcndsnGBGh4iBELia/ThGZ6Z2W7cOAi0qJAoJp7yNBMGY/nHV6tv0LBAKS4LEEVFcCDmI+dETCkuC3zzEbLsj2tVJNxTql5oeqdVS3y1Th6xLXx98w+d88V7FKVkcD88IlShqHDI+xgHZ1qRNQFy1hSFYEZHQ6cjFig/SYjw9roEcNnBrgcYepLfPWEH6ecEOg7RZ0rcKDHUYvFRabCpJfEjMZ9I0KlUwf1+fOY17JVdD9oXWYfOmb/DH5fAwov1Sx/LHIX6qfY+yE3SG/fP1hi0mrHJ/wBo4icU0Ke8PN6/eJ1GoL4/38aQnSGlYNcHryNPnSA7UkgBQ1x+fGiaaQz616Vfy9IbOcou8Ph9fCDKPEK1MMfmHzlFFtftZKsyFC8FTBS7Vn/mPTAVr4Z/tP2uKUGXJLAUUt8TgUo4Crq5tmY82nziouS5jox8XfOk9b/I9d7HdrP8ytctd0LTvpal5P1UJNQW6KjWIOpbw+ZR89bPty5MxE2Wq6tBcHHgQRmCHBHGLfa/bG0z03FKCEnFKBdB55kcHaDr4e3x6DPycnl6PtvttZpAKUn8ReDJO7TjhhpHnW3O2NotDpvXEH6E0BH8xxPLDhGeQCot6xcWKzIRvMFKxdXsn7w+cZz6JrV0j2XsGdPIKUhKPzrN1PTM9BGlldlkSkBaiJiyWcd1OjJzJ44RDJ2gonphUnywHARZoCygBKby2b+RIUSSysLxF0Eu9GGDwdaaQ60bfVKP4clN1IpfuFazU7oYMhObJAzqYam3LvlRVeUS7rStJcu71BP94ls+yZ1ElRD1uS3DUxJbTNusHyNlmuisSSpRPMkuYjqz0pM3nXNn29ayWBSxZ3XdOrBRLxaSVEV7ymZ8GehYcjECpJAYHAU4RPKwh8yc6nqmrs6TXAcMf7wxcsEOBE0xY5e8R3h/aG+0DlQLlFI3VPQeYBbo7dIlTtMBFwoZzVbl/wC2GDYCD0yCuSVJSTcNTmx4NUBv90V02yG4CcFO3iR7Q3/ATmyum+BeCqE41bAxkO0XZ0MVy080f+Gh4YGL2XthVmBSvelE7zhwkti/00+rxygtVqRNReQE3RQkEli3X4YE1B48dtFlIqKp9OcQpWRF/t6X+HPVQAK3g2BfGnN4qbRZgd5HUacuEOUMJkPRMbCIITxhbbsl2oXZ1itFd5J7qhrwVy88I9o2bbUT5YWg080mhZQ6gvgQQRrHzKhcbfsX2sVIWEqNDTgQ+Cs2xNKg1D7yVJrHfP6M1x7amYQWPjDlnjSBLJbETUBaTQ9Sk4tToQQ4IIIoQ8qlFOPlgYjZxSeUqlnhAs6WFPlnTXUfP3nJpw9P2iKZTlrCWmgZlaDoR94UTfh8IUL0UK1u4Gjjo/2iSXNdIOLvTKn7GGpIIS4Yt7kEeDxHJtFwhDVCmfoPZonDEobo/lJHhr0MZPt/2gElAs6FEKWl1rTUoQchXvKNBoH1EaufPCAtajugXy+QAr5OY8I29tEzVqUoB1rvk4kBilCHyCU+LjQRb4cfa9pN65OK61WkrIoAAGAGEDqhGEY7EDTCAeEBE8otWjaYvzjML2fs+Yd5IABo6ylI6FRA6xcWDZZKt8in8wSl+dHHJ+sBSNpBIZvIfeJLAozpt0EJDOpeSRx1OQGsJe/pp/Tb7H2agEpCklSqlkuwFXCjgNSfSLCbtCVLuolo/EmO7i8UjRk/VzMUZmoCUSytUqW9EggKmK1Ws946JAYZawJadoqSFCQlk90qYrWa4KKi45MIn3viG5z21lkt6VulZF8DeD1IzIUKjiKtpiQxa2LIUkgZUCuD4hQ4iMzJtdpKUhYli6d1RlpC+BSU3S4rjrB1pQsALUnPIXUPmXDhycgawmrD5i2VOuneok4nT+8CzbYcB3eGLe0BSbQoHOuIeh+8GmSVLJF0VoHAFXwegFPSGxewmpyoF1DJfqpRMRoRkSaePSC0oZWIenz0js2zlK8U4V3knyBoeBik4RHYrUtJITMW903k1ILV8AK8xBidpXwlBZLChP1ZGvSBfwwVFs8NPOIV2MgKJDpBY5sSHFRnyOVYbgLy2WNDJKSCCkEE46Ho4PSKqRZ0ybyUi6lQLACgW7gjR94dRDZG0TLa8L6OZLDTUROu2InJdFAAXIIVX6SMInr+BjEdrLqkIWPzEVxAUHY9U+cZuXNumL7tCoOpLuQQfvGdVFMXuW1OUTaLMFi+jHEp9x9oroLkzikvE1pkBYvox+oe4hyq54ehbQwwowt12N7WrkKA7yPrRQXk6jQjHhXImPY7HbETUBaFBSFBxw4HQvQjIiPmaVMKSCCxEbnsd2pNnVV/wlEBaR9BwC0/MmyTE9Z75Nm8ewpm/PmcSKVThrp+0AonXgFJN5JDgioIOBHCJETWrkY5qslY6+sKOcj5iOQvWRi0h1ilPj+kD2lTXVDF2PPLyMDznvP+YN4YekGrSFIunG5e6j4YnDqjtwq5YZq05pSjgy1JSX/pMeJWxr1NB4tXzePaO3hfZ6yNZf8A9qB7x4raUso/MzHX8H+t/wCuffsPHRqzgH4KVhKEPlocgdTFyOpA7ygDV7tQDV2LMWyoYYE/NImWKmJESuLcawQS2Wy3+Cc1Hup5nJzF1ZLiEhCFJQCXWU7y1tkZmCEZAIc1NXgCzz0JqLpOdCBTgaQTLtalqeWGIzCSW5ftE9U0Xlk2aFKKkIDEOVEOpRqRefdIHKLS1BMtAzWQwSgJugOBRWVK4YxR2OfNXQqWTjeGgyDEgH9RixVKmqBABbNSiAw0SlidHUpjoBnO9/Dcn6inWqYyru6otdVuAJDAHdCKk18YjskuYpV5alTFZlSio+eA4R1ElKe+5yDXvvWCZUtsARzJ9Inq8/VJxYIRUOMMOdInIClMaJ5ViOyy3DuaDXH94Js3GvyvpD4nhPV66uyoIBSCdDw+NHZAxF0MP7c4llUGFIivbz8Why+Q9oQxZCbpOjmlco7Il3CCokhwVDB20xD9KRKpIWoPlTg8TTpl1NwgFLuQdcHfGGnpqqJ1jvArSNzC9o2AUBgaCK6zpVJN5CXTW8jUFySni5eLYpKRe+kjvNnmDk2b6dYJs9lC0qBWKB0jIljQKZ0nyOcbkremP7QWNCjeB76aHjk/A+8Y16tG527KZCh3kjBmccwDQxjFozg4nPDavUJEPs88oLiOQ1ooURbrOCL6MDiNCfaK+CkLoUvj8rA60tAY14klrKTQxEI7AF6R/h92nuKFmmK3FHcJ+hZ+n9KstCeJj0q+Byj51kLaPa+xe2P8zZwVl5kvcXqfyr/qHmFRD5c88q41+NA380KI7uh8xCiChijRJ0NfED0iSWd5B4EeBVSIZoYHmfNoYpVC2KTeHIsfCJw1Rbds5XZp8oVJlqKOYF5P+4CPDrSHZQwJ+ennHvc9bBKh8Bw9hHiu2LJcVNlgN+HMIH6XdPim7HV8H7Efknqq62T77FkpupCQBRwD618oksyEhBU7qcjgzJYhwMSVeAwzCWYfLmNTI4x0JJUJJwHvFpJ2deA38dELPqBFWikGSbaUjEn5zga7+NOLqw7HkAgL3yam8oISOF0OpUXcizJSWBQgZBKCz67zm9xpGW2fPXNUboF1LFS1EoSl8HW+JyGJjYy7K6A1pkpYOq6kLYaqUV+rRPV579mkEzkolpJCnP5jhXF/lYrjtRCaPeH5QwfwwwEFjaUiWN4rmn8xlyynoARTmTEUjaNlmnfMpH65NzlvhRHmIXlpucEWXbiEl0IMsZpRNmY6ucPCIbRbjMVedR/USSBzieZYbMBeBSf0LvJPnTqY7KVZ0YHHIF/v6wusWxpYls2h8Ymn2hCG8SW9PvAdq2kAkhCO9SpD+UBKlXg5N4Gu9g/LAQ2c2Thb7E2/bKUzEIQHCs7pZhStaGrxGu3KvgAbpDkvmMvPyiKQn6da4Bg1cOTx2emj6dPSD9b/ACPYMsm2UCamSpJqLztia0B1+4i1tMr8RYUEXErNBkA2oHAvGbnSUqurIcpYg4HLPOC7NbFg0JIZiTh1g+YFnRs0KAKNaMciDT3HUxj565smekIWRKWqgP0kVKRw058I16N93xx59YhmWRJSUkdPRjkRBsCK3aNoStCW7pDMHOt4cG+zRhrXZyhakmrYHUGoPhGrtKTKJSTuqO6rCuhGRw8BrTM7SmXlVxFPf3MNm+Ws8K1QjgiVURKEOUlpzhFLh88/vD5ZyhEEGCwQhoQgq0yxiIGEAXRG17AbR/DtMsOyZoMtX6hVB8bo/rMYqDrLOKEhacZcxK08w59UiF1OywZeXr6EocUPxGccjsqchQCta0hRwOrwBXgonPeHgCfU+EMlKwfA7nuPIkdI6gugK0+e8cKKFIzF4c018w4gQT5aNwpNWfHUVHr5R5323sVy0BbUnSx/qTunyuR6Ghbh+vTD7eMZ3tpZL9mKhVUlQX/QaK8ik/0xX4rzUT3O5eSLQQSPnCDdn2UKKkrBBHQpLipBxBF4MMGrk77bK3wclh+vxx0iKwLKF4UIY/OcdjnOtEsJUQC41jtmlKWWSl9c25n2g5EtCvy/6ST1vKYQUiaE7v4iUI6jTJNPF4W6Hjk2QspCENLQnAUvEkVUWxWeJwoIfYOzqFOpcxRANUO5W2BCTRtSXbQxYSLRJoRMvKGBbDkSaQVPXKZe8wpvkhRBxpmpWQDwloq6fspK7yXSAGBCHKhi1+Z0NKDGgjkjYCEGhWaYpUo+SccMoGtsy+m6jdQaneF9fFanr+kUi22DtYoKELRLZIISbjOpmF8pYqP8zu7Vge/00vA9osMwFxJKEs5XMBQ4GJF5ny8RE/Za6susJUm+7B0k0dnDcG5Qy0W/8S8FJSnEML3uTHdlIEtCUpqakxpyNq9XK7UlSzcQlCMAAxIZmdTVJzMMUWJzDufR+bekVSpwe6TVnp+0Tf5hRahZtPSD0vB5LmlGwh0wuK09MKiBES1qqXAHQxJPQtRwoMAC584Pn+GEIDpbg2QLAN6RCqWakMQThhpTk8OTPWUBAABHAXiMRVnOLR2XMSlJdYvEsWdssILJUEpYoSQXulOtNMfnSCVu7Z4NjjprFelQUKFiD1L4uekSGYWTdJStJ3VDLChGY1HDUAxmN2rYwtBSoY05HIiPObWSlakK7ySx+8elTHWm+v6iUkIIoUteBS3EKBGuUYXtJYLq/wARPdUWPBTehFfGNm9relQow2OqjkVIa8EpN4cRA0dCoDCAHSRAs2UUljz8awRLjtuU5STo3hGYIEwWABKVqVegP3EDgRa7Ksn4i5MvG/MTTgVAHy9IF8QXu9mk7iHA7iR4JAhQy6oQo890gbOaqTWtQPUeD+EcSti2aS45YRLOSywRiD+/sYZbUMqmBHr+7wId2QAlZS9HpyOHqI7MsiTeQqqVAoI/kUD9yIahBJQc7reHwQUoG+XwVlDFeMW+xqRflGq5SjXVOvUMfGKVayGILHhHoPbOyhC5c8MQt5awNW3H5pJHQRg7VIYkZMCHxINQ3iDHbnX2zK59T62wROKlgKSwDV7oHgPeBFy16PygnZC3KkEs4jqpZBMNwvTpIQhLLJBaqQXc41U7ActPEcT1E7oDDB1MB5tDbTLcgZ/bH0PhBVm2clZAKboOdXpiznAMSSaCvKF4NpWaYhVV33wvILpD6t94LTZge5MUfAf9n8nh8uaEBCEISlKx3lgqq5CCp2AdgcKBQ0h9pWpF0krBUMAlASCCQpL0IIIqIFlaU9CFmqnGpU4vcQ5BizsCFhQS2VQNMcYD2Ns1S1fizHIT3AS7nXp68otxOahDVrSr4V5VpEr/ALciszzPauZ+w1/h37oSaEEJGBwriQRprATqKSAXGdAGbWvx47Y5q0oUgLUEHFLlicQWweggZDpU5qFOTnjWupzhpSJpRIcOAGq/zpD5U+6sLCQodC44OCPEGIC5AB+NDZailDClfWvvDyloiVOSVLJRU1JoGJc7oGT+A5RDaUoKmCiU5FSWOOKgknDg8dky8X6txwiKag3rqYPuAmsm84IunLIHEeLgwX/lFlKltupYKOj4OOOuEQrUybpThizVPE6ftAtg20sTDZyxK0sFqLApp3uVH6QL/wCTTybbVMQoZEA8dCz4gnwJgHaaErQpJzDH2I4pV6wTbkPS86gAQCG4sRg+TxX26eFICgeHUDPi2MT756P5xkFhi2kNgm2p3n19YGEdEvYmQjgjpiRCIzJZaYZaTVtBEwLBzAqzmc4zHS0Pyjef4c7NvTVT1CiAyP1EewfxEZGxyPxF3EA3RiTgBxj1bschIllGABbkePOI/NvmeRTGfPWkfnCiO4sZExyONdDaQ+8NAfCv38I7a0O3L3cQxJCktoT0YsfWI5qyC2O7QeXsPGNIKT8bIM7VJwSSPM4U41ajvl2cLQFK3yPzYPwT3erQJIYyUKSXDV5mpfjed+MSWK1hKClWL7oFSeAGZh4FV227EmcgygAlSgasN25vJI/qKRyB0jzWdKDIUtJ/hrAWnO6FAKA4u46iPWESylRUpnmB6YBqBI4BzzK1HNoxXaiwhE4TANybuq4LbH+pNeYMX+HXLz+U/knjrG7Vsv8Al7QoJLpCnSdUmqT1SRB8+WFALGBiK3y7yLh78sMP5kPTwduTRDs207i0KyBIjo9II0h1FXFsPmcH4IDnfm0xqEJd+V4gDkk6x1NlZCQcWc8zX7wRIQoJCSLyQXAP0nVJxSfLUGDI1qKakFKSWdglQ4pAAPIgDkQeEWNjSZu4oUDXjkSKAjMLKaHIipq0CLlKBu0JNEg95uLCrU0i2sVmupIJJNK8W9PvE965D4natQSjugAIAU+VDujxy4GK6UpJa7i/vwzgDae0ykGUKklyfSg5+BMOsK8OMc/9xa38q6Ci3CJlSwRUVofKkDImh2JGBNTpnGZt22JxX+HeZKgK/wAn75c4M7SXkaK1SlgICalRqckjH9usDrCnujm+GsMn7RukBSWAxzOAw+ZwF/6wCTR1HADIZORmIby3hbqnMGJZzr6QdZ7Ibl8MPHClaBhU6wJZpUlYBO8oipwY4AHdYGmROIi6kTVrlNKSm4pDvmsAVuj6jQk0ekPi/lJqfwp7SCzlQxiqtrpaYBWWb2DuBUiuNBFqtBFSXOOePPTGIbTaCQTSGvL7CeDCo3yl8CWOL6dDGe2qi4SQQETFOE5hSRvdN7xMTbNtZXLL96WyD+kBk/7Q3NA1is2xPvkEanxI/aEk5eG7+gbSt6QMY6THUJeKychLe00CC5aGDnCEiWAHMcJKmpTIawQcu3nJLAYDEk6Aaxb7L2SBvLDk4JyHPU+Uc2bZGN41UMtOXHjFugRDe++IrnP8pLNKSkXUpCc6BusbLs9KKZb5kvzGn2jMWKymYtIT8GcbuyIASEjKjcI59VXMSpnkfVCjn4fLyhQhuBLBRZScFD/8nzrEs9IOOKSx5HD28YaqXvf1eSq+V2CEJCrwzPuxHnDBQ0myJN8MQQ73VKS5HdJYh6NjpEVmkBC7yRVQIckkuKsSas4w4RNYyUrNNH+cifCHzJd0E6F/QU+ZwZGSzUhhTAnwb4ekVe3tnpmSyg4Kok/lNCk9DFshW7eP0n55E+EMmy7wWRW6wA45+UNC15Db7MtjeH8SUSlY5U8PvFItN1QViD6ENHpna7Zt0JtSA4oiaBmk0Ss8sD0jBbQstxRT9J3kngY6837Trns5V9ZVpmAKAAfKLJFiSElaiAAHJ0ADueHGMjsS13F3VYGNLbdqkJShG8tZokVerJHVXiAqH74Lw2ZOShklKb5ILjFLjdRxugkn+ZSsaEEWOYgBRW5WMENuEVe+p8BTDFwMIz6ATNa9ebvF33sTXn7xaSZqQlbuwJTi4Ncef2jm1batnkU81TuqlTTUxPJC75ZylCXIAdzglL6vpSkByk3lqUSyUVUa5miU6E/fhB1u20lEspQN9WYwTyGoGGkNMltQ2+3iWkpUxWRvHMY06lvCKWzLK131l6u3L4G6x2x2Bc9TgG7mouw65qgybZPwqCpY11P2h/pyB3tP2rPUpynCg8h7mA5RWlNN1+AfzeCEyikEKL58y2HLOIVpg5zz2F0vuytqWtVxRBCRec1JL0BBof2jXWKeELQhIAQJgLBsSTeIegdy+WsYPYb3lhJIJu1GPfSS3QER6JsOWj+ItbNKReukUKjRIJJ/MeMLzybvhVWqcSCGYDDphzLRU26cEofX48GT5jzCrRRLigNcW04RTdp1puHJRUAAOdejPG9tfDOWa03VXqsaKbNJL/vEsxDKUnENul+IIPzWBTLhwdgk45cv2hrAlNRLJgkAJHH1hxW1E1PkIYhBUadVfaGt4XnTS5NanIZDnB1lksdT8pClSQKfDF1sjZJWQVOEa5ngIjrfVcZEbJ2WuYbwonNXtzjQTuzzpFxT63vX7iLGwKSlIQAAMGyf94KCrpxoc/f2PQxzatWmQeyrCJND3jiftF0E0vDHP7/PaBygKYZ4D3B9vDOCLOW3T04j76wlE9gfhhQ64mFG8ihWryLeBHs8RpSQoh64vyP2rE4lg1GYA8Rj6jrERUygTo55Givbxh55hSCQ6n6+/vDwL6H0ofT7eUNmTKg60J5fBElmSxUnKv2L+R6QQMsbVR+YeYNfP1iSyqCe9gqnsPL0hkwMt+N779MP9MFplh1DJTEc/tl0h5OlqFEtCguWveSt0kNkofcgR5rbthKStdkX30grkKLb4+pD/mGXEcY9UlgAoWMDjzDn0vHpAPavYhtEl0bs6Wb8tQxC0tSmSh4U0i2PCWvLwmZLAULxKWNWFWerDWDbBtO5emCsy7cRR7pUGJA1YsOusXW37GbRLVa0IuLSq5aEN3FgVU2SVesZJJKFBWhitIvPw/8ALqSgm8spStdO6tYcoxqwIrq8R261MlKHa8qvzmTEsyZfF9R3lMz5BgB84RR2tRWsJDmoAGeLBhr94nyWn9Qfaxdk7pYA3jxUr7JaLnZHZJX/ALddpQtKJhe6o3ab10uKpB3VFJYs51YaXYCtAk3TeXOTLZi4cpTUf1x7FtxMtUtQJcYXSTlhX6SMQeEPnPS6vGMttkSgXUgJSkMEhgABkwjKbSl/xO66brO+BeueLOMM40s60EKUhZdP0rxCuB0IDvFHbUOXfwIil8kinnAmBCmLBSCSw+0EStiLLOoAHTkNYS6kNJah2LLN4N9SmDsO6HOPMRtduzEo/gSVKNAJhLgKVjhoMucU0uSJN1SGKUm7eOpGmBqWNIZOWE0B3jTl8rE/t3pucPMy6CDg1XjJWuf+LMJ+lNBzz+costsW24m4O8ryHGKlCmFMBio4P7wcxrTiAnGkRTC+NBkMz9oSXUaOf5j7CDJdlAridTnG1qRpm0MiSSzhhoPeDUS25RNIsylm6kEmNVsbYiUby2UrIZD784lraucg9jbAK2WugFUg4q5/M40KJWCQGGXA/aCJH5cCMOmf3goIDO3A8DEft1WTgdCaEtvDEctPnGCkG+OPzyOf94Yiv6hnrpEaJhC3HhAEfZk5Hk2dMuY8xyglaHxNRV/+w9/GBjMBF8cHbLTwgqRMfHp89ukKFN/EIxHgIUT/AIWimGQZ2hRuB2IUKu+HoR7GJLRLBwzcEfP6YZVTPiPh9Y6lTihqAz8U0/8AHxgwKFko3SFVZj4ED0I8IfZVMsvxHNv2U8JCN9hmD5fYKH+mOISaKGAW3EZf8c4eQKJtCMNPgL61c9ImkqdL4FKrvz16wy86K5U6H4fGOSH3wc0g9RunzCfGHyFFhDgpGe+nmS7dVAjlBcmY6QxrdcPwo/UEQGhVAXwx9R84QYkgE5Y+Br7HwikT0xXaLZK7PNVbJCQpJH8eUzhaDRVOBcHQMdYxXabs6i4LVZiV2aZUt3pSj9CxkKs/7E+0k3VJBFCSNRvVbneS8Y/aeyZtnKrRYxurI/GszOhTm6bg4lxlRQbSKSkryFdpox4eUT9m0JNpRMWHCFpUwZyQQU4tQFi75RrrX2cs1sClWRX4M4d6zzDdIVmEKPGjHyjH2vZ06zLKJiFoUMiCOo1HEQZG60uy7MV2pKVrUkKSZiVggG8UMkEnBlXQ+ojQS9prYomKCzimYnE4Blaq4jSsZeTevSZyioIEpACwd0KKl3wcwd5JD5p8La02km4paiZaS6rjBZSASxLFnOleUNnwXXmnWyaFUyJG8Qq69GN4AjMeMZ+fPSZi0JUJiQWCkpKb1cnwjvaTaMszCmX/APHdDALCsVLWajEkrLuThizRR/5t6AMNOHHWNqmmWjkWoi8E0ehugCmhVjzbHOJTaiMRybD5yils9qSlnYnLh09oItFrWlJVdLn6l0PRGLeERubaaXixXaiZdxRZIwfDHHgIq025IKwgXgKhWXVWkVa5i1nedR0NE+AiVFnKiAsuMkiiR0jeJ7bzUKzeUVd9ZzwSPc+UPl2Ykusv6DkIMEkDAQZZdnrWWQknjkOsLrZpkEmXTl6Rc7J2MuaRS6nU0fgIudmbCQhlL31DL6egz5xcyUspIyNBwrhEtaVmQ8jZ6JI3Eu4xOJ1f5nBUpNX+fK+sHfgXhXA15GIVIADZgmnn9/HhCd6aQxCMwK+/xoIvUCmoaKfTXp94hlnEfC9PGOqUQa/KwBdWgvjUYHX+8MmocBaaEe3zwglIybin3T9umkRqbvDB2PA5FoPQNs00De+lRYjIH7GDEi7y1+/LA9DlFeU3SS1DiPnlBdjW4YmoqDw19jGrDvxDr5/tCgT8ZqOA2RDt+2nBoUK3BZ75/p/4mO2bunmfQR2FDFQ2vGXzP/BUOl95fL7QoUNAFJ7g6eqIhs/f/p95cKFDwoxGfJPqIlRl+lPqqFCikKnR3U/pH/SB19xfNfqIUKHnorCf4qSwmZJWkALKaqAZRqMTiYvuzCBOsxE4CYAigWL4FMgp47Ch56JXk20zcWu5u7xG7SnSIbPNUFEBRArQEjSFCggrLZWYp61iNGfI+kKFCQ9bUoCETLgCXWAbtHF1NKRnNoKLCucKFDX0UpeETqw6GOwo5r7XidPfTzHqI9AsaAJSWAGMKFE6aODGCJHdT+oesKFC08Gj/t7wPN746+kdhQIKKXj80EPtWXL/AKwoUD9ZIcv1J9BC+pfzKFCghQ6u4nkfWFZu8OZ9BChQWWaUhsI5ChQjP//Z', true, '2021-10-21 16:34:02.657');
INSERT INTO public.product ("name", price, category, stock, image_url, recommend, create_date) VALUES('ปลาหมึกกรอบ', 25, 5, 99, 'https://img.wongnai.com/p/1920x0/2017/09/16/2e2b488bcf03450eb8d29c4b9897311c.jpg', false, '2021-10-21 16:34:02.662');
INSERT INTO public.product ("name", price, category, stock, image_url, recommend, create_date) VALUES('ปลาหมึก', 50, 5, 99, 'data:image/jpeg;base64,/9j/4AAQSkZJRgABAQAAAQABAAD/2wCEAAoHCBYVFRgVFhYYGBgaGhgYHBoaGBgaGRwaGBoZGhwcHBocIS4lHB4rHxgYJjgmKy8xNTU1GiQ7QDs0Py40NTEBDAwMEA8QGhISHjQlJCE0NDQ0NDQ0NDQ0NDQ0NDQ0NDQ0NDQ0NDQ0NDQ0NDQ0NDQ0NDQ0NDQ0NDQ0NDQ0NDQ0Mf/AABEIAMIBAwMBIgACEQEDEQH/xAAbAAABBQEBAAAAAAAAAAAAAAADAAECBAUGB//EAD8QAAIBAgMFBAgDBwQCAwAAAAECAAMRBCExEkFRYXEFgZGhBhMiMrHB0fBCUpIUFWJyguHxI0NTorLCJDTi/8QAGQEAAwEBAQAAAAAAAAAAAAAAAAECAwQF/8QAKBEBAQACAAYCAgICAwAAAAAAAAECEQMSITFBUQQTFGEicZGhBTKB/9oADAMBAAIRAxEAPwDqVIjO/CB6mEvYXFgOc8GPRyRYccoMtaO730PzgWMV6FE2fhBvz8IgpMKlPxhFglCZNaAEsqknYStRO0UTuhchIXigEjnINH2jG2YwiWvIiEKRtmOAo0V5HajBFRIbF5M85B2k5WQ4VlkdsRjIlhwmdtpiq0mogkaFBjAiwyDKRw6bzpwhyb6aSLmYbcpBsoRzaAdo5lskXeAdpJpFvOaShC95G2+Rd1QXYgDmZmVu26S/jv0EuYZZdom5YzvWoHhEEo4LGJVF0OmoOvfLqi0yyxsur0OWWbh9sR4LZjxappPVsDyF/CcZ2jjSV23Yl3J2R+FVBIyF+7unV4r3HOnst8JwXaRPsA/kUj+q5+c7Pi4Sy39sOPlq6V/25wcmYd9pYpdvV10c9+Y85nPGW17HLnO+8PG945plXSYf0vqC20qMO8HyM1cP6YU/xoR0N/jacPUp7JKtdSOIuPGMqHcQe/5GZXgYXwqcTKeXo6elOGOrleo+ks0+3MO2lVfMfKeXOOItAs1pF+Jj7q5xq9gTtCkdKifqA+MIldG0dT0YGePpV5kSQfmZP4k9n936exrykxPH6WKcaMw6MRLK9qVRpUcf1t9YvxL4o++enqxeQZ55h++6/wDy1P1GP++6/wDyv4xfi5eLD+/H09JLXyj34TzUdu4j/kb77o/79xH/ACNF+Jn7ivvx9PRneRE87/fFc/7jeMcdrVf+V/1GL8LL3B+Rj6eg1Dl3xrTg6GLr1HVEd2ZjYAMcz4zvezfRpKSB8S7VX/LtNsDla+fU+ErH4OXtN+TPRI1oemQMyRAYvC0XHs0V2bZkD5zA7S7BXYZ6RYFRtFbkgga2JzvHfg2+f9K+/pvTr0rLqSveRHq9qUkHtVEH9a/CeVYTEHbUNmGIXPO20bXHOdvhfRqk5tsG9xfMgBd9rHWRP+Ml75f6Tfk/pbxHpBhx/uA9AT8pQq+klEabZ7vqZnekHonUoXend0/7r1G8c5z607asPG/wm2PwOHj5tRfkZOjr+lAHup+o/ITMrdv1H0YL/KLeesz22OBPXIfWQDnQWUcvrqZvjwOHj2jPLi5XyLVdmzYnvuT4RqOFX3nJCnhmx6CTpUr/AFOg++c0aToo9hdt97v7g5KNW8hKt10hSbNgA9JxUCMtLRiTfI8TxnX8N85VGDNeptVSPw39kdwyUfdpvdj1LpsMRtJYGxvkc1z6Zd04vkYc05vTp4V10XLGKTinJpvtU7TstFz/AAmcI1I1X2QyKQi2DuFBsALAnK/Wdx25/wDXqfy/MTzmqgzFjteyQb6ZG4tzuPCdfxpeS69ufi2c3X0Ni8JUpj/UpsoOQYZqTrYMt1JtulOynQ+MImJqINm52TqNxtxGh1MHVsT7Q2Wy0AXp7OU7Md+WFk8NLDbDrsVTskD2Kg0/lY6d8BjeyalPUbS63HDjaU/VncQfIzZ7I7daiAlZS6XyY5lRw/iEoMKQZLzv37FpVVBUIyt7QsNk+1nkRnblKq+iVMElncDKygqCO/O8eg4eOJ22N9C02S1Oo1+DWIPeACJzbdj11JvTay5kjMWG/nDQUUcj/MJty3hcIHttNs3ICrmWY3AIvay66nwMs18AGrMqKQi8CLADixv4598RaC7KwBrMbnZRRdm4DlzlrFdnVXG2lJhSGSaZj8xubm+t50XZXZaIjqdmzm5W5OXAk5nrlOhpuLcN2q6cJXgcteUFGAuVNuNjaWcDg3qtsqAMibnIZWvn3z0fFKCDfZt/Fb/HfMPD4UbZts3PK1zwuPhA5iz19GGtk6k/ykL+omRpej7h1DlNkMNqzHa2b5252m/SLhhTfcALEk3tv8bxsRhTYuoLA5m/PfDY5Z5a2EwVFDt0EVCd9r+cv9rDZC7RuLDvJ/zJdjsnq1A1AsRrnvlrE0g62I6W3TTwjclYdXGBlC+6OcNg6K+8GuNO45QNfsUC5Fzfjc+MxuyjWp1XpOLaEW0sb2IPC3wkf2u3p0beC7CorWZ1RQ2RBte1+A0H9501NAvXfpM3BkKOctirHImjVQDrOI9JvRnWrRH8yD4r9J2ReIGInjDpbLIHz8NYsOcyANNSdJ3/AKS+jYcNVoqu3+JbZN0/inEABDZ7kjLZG49BkJNORawmHRs32n4KtgPHQdwMv4qiEttWQEZU1uWI57/GwlOjWc6HYH8Jsf1boUWHu531I39XOvdfrMr/ANmsnQJr6AbIGe4m3Me6vfeWsJiSjB+dn2mzZT1OdtbAWldrjL7Hdx5mCSuFO17JOhJt5uQf+sMsdwpdO1RSRdTkcxGnHfvGquVPa2B7tlytyvnFOf8AH/bX7f06P0gb/wCO9uHzE4LH0gHKX92wvp7VgG8xbuneduH/AEHA/KfGxt5zgu0HBd9kfiO/733lfGn8f/aji3+X+AEpOD71l/NmQOtrzQpbRS2zTrIu4ZMt+AI5H3ReZTMyZ5jmLw2FxhDKctbE6G3PjOiyVnLqp4oUXzpg02/KWJQ9CxJHeZUcOmoIHEZqe8ZGdJ2tgEKCqwAPuswJVrn3WORU8DlnlmJzzUaiC+y2ydGA9kjqLjzjnToK0OwExLt/ouUUZMfwjfbZ0vO9w+FfZs73uNchn0mf6L0D6lbC5NybC2p/xNxcK17swA4AZ36ywDRpsmam9wQQRdSM92o6xJSVhbRjcWysejSOMo2tnobixtlvEqN2iye8GI42tppcHWBzbJfsZUcugNx+Bjln+JTvAvp/iX3wICbKjZvZmbeSDeWsH2lRrvsW2nGea6c76CbNGjc5WGfWBdnI1a7qbAK1tc7TTw2FdkDKoIPBtNMrETZ7W7MTZUIAhJ9ogagg3DDQ7tZPDYUIoVdB498Xk+bowcUqoLMG0N75DoSdZSRiSCtxewIuL5HXTKdowDDZZQRzAlb9zpe6qFPIZHujPbJw+Faowc+8BsjhrmTNrDYIqLNn8M5PDUShzHhNJHBhrabVbD4VU90AdBLKJxhVA4SVo50TQWQQL4NWtcC4Fgd8u7MZhChlVcMV5iQVprBL7xKlbDDdEYSPCKYJEIPCWwgG+/S9vOGxpETn+3+wFq3dLLU47m6/WdIBEyx0nk1Wiab7NRHLDUZDvBtYDpeT/a7C+Q53sP1HM/0+E9E7T7PSqtnQNbMfYnG47sBKR9Z7Tp+IXu68ukyyx6bXjl4Y7FnyUbXMghe5dW7/AAkmw2xm+vFrZd2g6S++Ja3sKtNdMvae3Mn3fLpKBP4gdNWvnfm50PJQDJxuzyiwtUj8R8H/ALRSrsjg36V/9jfxij1Buuj9IahWgxHECcNjqdnYfi2jcZ6nPpO29LG/0Mvzr8Zw1UgswZrHaN/ezJ1Oltec5+BdYS/2viTeVBZmTPatyIYfKxhKVNj7fq7gX2nTNVBFiXKXCix3gQ1LD392uwtqNlWHdsvc94Ei2EsTd6Rtf30qIT0ZVsf1TfnRyuo7IxG0gORByzzU2yIPEc5stUDCzBSLWIB5aEHOcd2b2iyq5XYYKTtoGz/nS/vKd4Gh3WM08Djg5CqLbV7XtbKXLvsOk7ujwtZKYCqLAC1gfmQZcTFhtM5kpgtLknPgALTbSkAoFhb6SoMrPBUaQY3Iixey4KMNoEEW3w7E2sBKWILjNEuTqb5wqIH2ZgNkbKoEHHIf5mwjKmmZnL1O2HVghUqTvbLThxm1gn3w2elxgSQx7oiIZGvJbAhotgDKxOmcJTeQqUzBrcQh1fXOI0uECjQ6PKSbaKywlTaGXfaQDA6jwgno7wc/Ixdj7raYgjQwbPfOUxVtkdYRXvH0LQxaIwe1H2otGcr4QRNtMoUNGdbxaG0Q0mDBCSDQlFiLrKlWgMzbUWPMS8WjNTvylRLgu2+ydgF0BKXsVsW2b8FGVut+kxEzNyb24EMw5X9xPvKeo/s4F8rg5ETm+2/R0MdqnsgjIKR7Fv5Rb2uuUjLHXWLmXtylwdEX/u3nbOKKpiKgJB/aBbLK6jLLIbopBtn0tJNNFGrOAPETi6jgOwJyuRcct9jrOx9JVDNSS9rtcngACSfKcXVdSTuFzbIE8pjwcf4Sfppnf5WnbY1DITYj2kdTnkc0MLWdCylE2FAAIp1yGJG+7g68CD1lVUXip5HaHmphP2dNwbTdVRxf+VlU25X75ryz9o3f0daTktdnsFJXbUG5BHsggkaXN99tM5oYGqysGGR35WmXQwj2YsSpFrCxO1kTqMhmAP6hzl3Co+Qz8ZpinJ3fZLlzmbZX+/KbiJac/wBkUypXpnOkTQXylEmFklEQMeLZmqU1YWZQfMeBgf3ev4MuQ+ksCSEQVArruv8AfCGp4gQrZwT0wdZQWlcHUZecZ6OVxmOP14SkGZdDf4/3hqWK3g2i2NHsVOX33RxUGhFuY+Y3yRcHd9IxSMJBrfXdCLUgdjhIxSiwd0DDOVWUqeIk9sxxUjKElW8IDAVKYOYyMglSxsdYpRYuAyYlYVJJaspKVUWzEEKl4YPM/H3T21F1/EOHPpFYcq4Gh3rk2vbIW/zMnD49W3y6jgwgqztXgXWMDJA8ZekWsyo+ZvRJ5+yb+UU0tmKGj2899JCPWICcgrseeQt45zlqToBZ0J5g2P8Aea/pJXBrNyUDyzmAGB1JHcD9Jx4Y/wAZP1HRb1v9j1EoEeyzqeDKGHitvhKlTDj8NRO/aHyljYT8/ih+RkXoqRbbQ9Q/0mk3PabqgpQ4ul9wBJJnR+j/AGcSQ7Zgaa66QPos6IxR9h0a1wV0JsFN2G85cjbjO+wuDQZqABwlxKeEoWFzr8hL6McgSSBpnpGRIYCANrJSJMYmBxOTXS8BeTWEFTBjmRkqbWN8j10lEC6ZgwdahvGRlsxnEWhtQpuwNjlLiuYKrSDCxEo1EZOLDz8Iux9KvLj0JI2hcG3DPv1hdsGYrlXEGlZ0PEbx9OEfc9NxhIXkaNYMLx2EaRFMHXpbQ+B4RKYUPAMtcUVOy2RH3eWUr3gu1MDtjaGomNTrOvMecXUOmp1IcsCLTn6HaY35S8mMB0MpDnu11OHexUtTbNSPeXiOdvhJ4TtXclQHkTn4HOanbdNatF1yuBtDqM/vrPOB2a7jbZkRNzM6j4mK2Sbt0clt1HoadslfeU9RLtDtVW4jqCJ5fVSnTsKdZnNgTsioADwA9kN12pBq1VhnUdeHtFcrcL3MMeJL4LLCvXf25OMU8d26v/PU/U31il88LlovbD7Tu1/xZffcZQVr6kjulnG02tt5bLMQL8RrApTJF7p+q3xnP0apIi/nHgY70l/Ovg30kDQP8P60+sXqT/D+oR7ho7IF/aUg2vkd17EcCLmdn6N9vj3HfasdkOQRfgDzynGGmLZlR3n5CSpsnsIXUWJsdk79AxuPZ2je5zFz0hvRPZKFYHSWgZ5x2P2+1M+rfaJXIgizi2txvE7TAdqI4BBDA85UylKzTWRLmwh2wZsLH6StQqZ3Q58N/wDeHXGmxyz3Wiy34Oa8gMlsjGjEmMDKkTtOTWDEIojNMCMwjyDGAMGtf/MFUk7R2a4sd2nKSGfXwgOYyPH71lN9pPeFxxGduomuy84NhHobVqdUWBEMtQQT0AeXSUa7tTzb3fzDTv4Q7DcrTDyatMmnU2jtKw0taF9e4/D33yhCrVVpi9tolIGqcky2sibXNgbDdFV7R2FLMVUC2p4zlO2vSF6gKIfZNwSRYW6a+UrsWlmr29Rto56L9TKNX0iH4KZHNnt5DOYgpcWJ6aef0hkoKPwd7E/K0nZ8o+J7YqVPZZwqncoPmSRKiUBe4TvY2+ksioFGTAdLfKAfEINST5RdafSCWP5rfyD42tfxMSr+VR1bPyHzvADF/lW/n/aHSlVfgo5n5CLpO9HdGz/nA6ACPLP7nO+oO5f7xQ3PY1Wdi9rZXa93Mr45yuqX4d5A+JhsbiS+zce6oUW0AEp25NIx7Ks6jepPDwZfrGenYXt/2X6wRXkZB6JbIC3UgfGV19l0L1LXz2RyJ+UKMIt7lt97BcuNszpDthRYe3TXdbaDZdADf+8k6Jp60E8lb5iPVLcEpVU0fbawAV7+2hUeza1iV0FichmM9bGF7WdHuSFzF3UFkYnP2gNTzGetwTM71a/mc/0gfE/KMaaDc3e4+SyZIrq7zsz0oQkK7AHrdT039xAM6eh2gGGoP3xnjFbFD8ikk32iXZjfiS2c0ez+1aiNl6wJuyBtlzABF+Ylyp09gRwd4746sJ55h/S/ZycXAtmCoP6LkzWw/pdRNtp9nf7Skedo5YVjsdoQl5zdL0hotpUT9Qln9+0tTUT9Sx7DaZ4lYWN7ed+7dMhO2Kbe66t0YH4QwxgOhhobXtsRbUoDEX3iJsWij2nUdSBA1wmRaZr9sUB/up+tfrM7HeluGS49arNwW7589gGAdDlE6KwIIBBFiDpacPS9Nwz22G2eNjmegElifTRsxToEnjUYKOthcnyk82M70cmV7M3tzDvhaxFNjsHNbsbC/wCHXOVR25WtYuOtj9fu0pY/EV8Q23VccgBZV5AfW8CuBG8k98jLi4zy0nByvgbEY/a99y33wgf2y+i38TDJgV1tbzh1p7pnePPEXOBfNVBiKh0BHgsXqHb3mHmTNJKHKTTDEmReNfHQ/qx8s4YLiSfKTXCqD7omqMMZFsPJ58r3p8uM7RRRbTRwS5C8SYUC0u06cqVOSWz1ihLcjHlbRpwjVCBa2XlB7XKW1p7QN3CngQQD36RfsSb3UngLH5zXGbLK6Uwl91upAlmjg11LqO5mPkIVKA3CFGGc7jbkDK6RFu0Thaf5yTp7pX4xDDoM8/D53kvVW1U99/lHudyjwHxMfNC0f2NArnltD5LeDenwpqP5v/2ZNkqHXIcybQDBR7zr3EH5wthyU+y35wvJbj/wFoNqS6l2b+kDzJMhUroPxX8viIA4xNwPcLw6DqMUQfgv1Y/+oEha3uoo/pv/AOV4himPu02PM5fCEUVm3IvUXPzkXKTvVzDK+AWR2yuTyH0ER7POrEL/ADMB8Zb/AGNyPbqN0GQj0uzk1sT1N5F4uMVOFkpoEQ3FQ3H5AT5mwlhO0agyRqx6ufl9ZeXDKuigdwk0pffCTeP6XOB7rPZ8Q+ruBzdz8SZAdmkm7Nc/fGbS0pNaEzvHyVOFjGUnZqDdfrDDCqugE1BhzJJhLm57pF4mV71cmM7RQSjYSS0N81P2cGwtC+p3ASOajbK9QZNMId81RhTwkloHQSeY91nGgBlJ0MMJopgM85bTDAR82MK7Z3qrdTJpRtu5zSWmL37oiohzzwWmatE2zyiGHl9vIeZkCsJnRyxXWgJdp0ABIqmYh2OUOajlgeyIo+1FHzDTzNO1WBJRgovpl8NIRu2XPvLTbqi/K07/ABGEptrTQnminxymdUwSXsET9K/SbY/Ixy8IvDs8uQ/eX8FIdzfJo57SfRQg6K5+N51r0EUGyqOdhM+rL+3H0iYW+XPHE1zp5Io87SJ9e2rv3uQPC86D1dxy3mUqyZ8opxfUivrntkjAOdW+Zh17KG9iZoogEfZvkPvmZOXFyXjw8VCn2cgOQv1Mt08MBoAO6W0o2+vH+0ItMtppIudvlcmM7RTWntGw0lpaNpao4aTNC5t4zO5C5KWxtdIZaXKXhRCiOqXhsbUVwxOcOmFtrNBKB4QiYU6ybnIXWqK0RCBJoDCiT9QB85HPBy1m+rvlCiieE0UpgR0F8zpD7D5VMYW1ry1TogSRFzf7Ajvwkc9pzGQBgWNlhkQKPnC00AHODJueURmVc7mOdDbxhE4x7CVCoKi1vIREWuY9TW/cI0okW4cJBlkxpfvgwd/hHALSSTsIkHsxKsNg14pO/KKHMelXUZf5lapYQxciUatW5y1+/KLhlkFXOX3lKopX6S56u8g53Tdmquu7dA7A4S4EgqhzsP8AP9oSDastC5Fh98ZbpYUD5njCUaf9z9JY9XfIff8AeKnKDsXyHf8ASESlu3b/AKS1Twx0EsChbIa/eci5SH1qiybh/iGp4blL9KgBJBLm27fIufo+VRXCbXT4yymHCyxyEkqb5FytVJA1SSMIRIXkU0C2dvGMfIeckeA1ibIdIAGrUJNhC2yH3lFTTeYRVvnKCIyzioJc3kKuZCjTfLByGWugigCxDZ2H2YyU90ddenxhFEoGYSLC33vhFgqzZ2EYROZkXkukiVjiTMJAiTOvOIrp4SgKukciwjARE3twiAe0YpKwij2FCt7szH1PWKKHDGXZY/DACKKas0jpK9D3n6fOKKEDRpfKWcJFFMs1RbXdGXf1iimNaCHSOugiijBU4URopIM0GN/X6R4or3CKanp84qsUUYEbSTXQdI0UdAVHU9flC1dYoovIDpe7CU4opQONPGV21P3wiigCTd0+kR17zGilQqYfOOnzMUUqEepp4x1/D0MUUYDaKKKMP//Z', true, '2021-10-21 16:34:02.665');
INSERT INTO public.product ("name", price, category, stock, image_url, recommend, create_date) VALUES('ปลาแซลมอน', 55, 5, 99, 'data:image/jpeg;base64,/9j/4AAQSkZJRgABAQAAAQABAAD/2wCEAAoHCBYWFRgWFhYYGRgaGhwaGhoYGhoYGhkYGhocHBgaGhgcIS4lHB4rIRgYJjgmKy8xNTU1GiQ7QDs0Py40NTEBDAwMEA8QHxISHjQrJCs6PTQ0NDQ0NDQ0NDQ0MTQ0NDQ0NDQ0NDQ0NDQ0NDQ0NDQ0NDQ0NDQ0NDQ0NDQ0NDQ0NP/AABEIAOkA2AMBIgACEQEDEQH/xAAbAAACAwEBAQAAAAAAAAAAAAAFBgIDBAEAB//EADwQAAEDAQQHBQcDBAIDAQAAAAEAAhEDBAUhMQYSIkFRYXGBkaGxwRMjMnLR4fBCUmIzkrLxFYIkNMIU/8QAGgEAAgMBAQAAAAAAAAAAAAAABAUBAgMABv/EACgRAAICAQMCBgMBAQAAAAAAAAABAhEDBBIhIjEjMkFRYYEFE3Ghkf/aAAwDAQACEQMRAD8AZbjudlFus6C8jadwHAcvNZL4vvNjFZf15RsMPVLeqSVZsqlZBzy4ycSptYpNYrWsUUWv2KmtUgxXBi7qqStlYpqQYrGU3HIFXssDzuhSQ2ZdReARJl0uO9WtubmV1EbgQQoo625gpi5mrqO3AHBeLgmAXOw8FL/h2KKO3C4XBeLgmX/h2LxuZi6jtwtEhRJCZDcrFB9wsXUduF0uC4SEbqaPDc4hZalwOGTlDRZMFOAUStda56jd09FifQcM1R2WtHCFEsXdUroKrZZENVc1FcwKeqoosU0nlpBGa6rPZrymmRRocS4lxXg3FTa1XmlDQeK2XJkyhrFayiScAtNmspci1KzhqmirYMpXcT8RjotlOxMG7tK2tYrGtXUVsoZQWhjIXlKVJxJRK4pgLjjgCmGroXVDZKR4NXoVFW3sadVzgCtIKopqVpMs4NctEYXtVTXFaytEYXoU4XF1k0R1VEsUyV4lRZxQ+ksdexNdmERq1GtEuIA5oHar9YDsCRvnBZTzQh5ma48U5+VEKlyzl4oXabuc3Np9EZs1/U3fFLT3hE3w4cQVEZwn5WWlCcH1IRnUyFNqZbVdrXZCCglqsTm4qXFohOygNXlOnzXlFli5gWyz0y4hu7NUMYjFgpw2eKIXYwZdRpgYDIKyFJoVb3wCVLdFDJet4Ckyc3HBvXml9mkNUbw7qB6LNfls9o/D4W4D1Kw0QN6V588nLpfA40+ljsuS5Y03ffuuYfA4EYd6O0zIkGRyXz5tOSA04lNt2P1AG7ue88Vrp80pcS/6YavBGHMf+BkBSUWulSRlgFHljve06lNxGeAHb9pW0ugJUvy92P2GZA4nicsOWJQ2pyKMH7sK0uFzmuOF3Bj6s4pvuitNJh5R2gwlChR45JkuKsACztCC0fE+fUP1yThS9A2CuyokqFSqGtLjkBKa2kuROlbpFusuayVX3+8OMRB3ETCyi9HOeHE4zPJCS1kV2QZHRT9RzXHVFS2sC0EGQVTaa4Y1zjuBKIclVg6g26AGkNul4a04NwPXf6IE6pvXbTUl0necVTrQlE5bpNse4sajBIupt1iAM053a4hjWn9OCVrnZrOJ4DzTJYnYEdEbpIJdXuAa6VuvYIyqa1IFTY5SlGsXgO12KNodv1XkUrsXVi48l1IF2ZkkBGmCMEPu+njPBEQiUYyOyhN+V4puxgnAd+PhKJVHJW0htMvDAcGiT1P4FjqJ7YNm+mx78iQKY8bwuuprkbwFHWKT2PqpGy7ae3JyAntyCOsqAobdLNh54uA7h91fTOKPwrbFfIszvdN/AyWZ+yFplDrATqY8cFptFYNY5xyaCe5Fbko2wHb1UgPpDe2oPZtOJG0eAO7qUo1QQZGS0WmqXuJccSSfssrXOGASfJN5JWz0OnwrFCl39TTZ7W4GM+SZLsqQGniZS3Qs7tcNOZO7d1TAzAwMslvgi07BdY4tUhla5CNIK5DNUfqMdg/AiDX4BLuklXbY3g2e8x6IvUSqDF+ljuyIDPGKiOakTuUDglcUh16DVcNoDmauOzgZ5yQqtIbWGs1P1OxjkDmUKuO0htQifiEdoyVWklqDqjQNwM9p+yNeR/p/wAjhX7/9MGviou5rzSr6AzBwmOsbuqDihg3RvuN2L+jfVHbGcSgF0bLy3cR4j8KYLJmUy0/ZCfV+ZmthVgKqapyigNHnheXl5VLFdhZsE8VoXKTYYF12S0MjLWfAJ4AnuSU95eSTmST3zKbLzdFN5/ifEJJpvM96X618pDX8fHvIva4hTa4cFx7Qc+/ovMZjmEDEYSDFgwpSIxJI8PorGPgrrGhtNo/j54mFnc/FMUqikK290mxisr9ho6+ZWPSGtq0onFzgOwYnyCvu58sjmZy8+1BtJ6201o/S2e0n6Ad6nPKsRXTQ3Z0vYAVG75UW1HZLoqLzXjAAJYh43wE7qYQC89B6olTfkoU6Wqxo3xJ7V2mMR1R8I7YpCnLLc2w+SlO+6mtWdwEN7himpxjokm0P1nudxJPef9KdXLoSKaGPW2Qe5ea9caQcFcLONXnOe5ARiNJOiy7G+9B4T5LFer5qlEbobtnkCsF6Ae1KJrwfsHjLx/ojRdGK0Fn6g4ThA3gBZdeFfTeMvw/kIeIRI0WN59o35gOWOB80z2UYnolqzU5e0/yHTcmexZnomGnFOsfK/heApBccugotgKZ1eXl5VLl1VsQOQUCr7WIeRww7sFQ4rUxBt7f0n/KfJJbGT1TjfB90+P2pNoPiUt1nmQ3/AB/lf9JOEHH87F4VMfzPcr51s1B1CDMoNKxg2hie33dP5G+QWKq2EWtVEezYAcmNnkYCEk4QmMlwhVB3bC1yO2D8x8gl28bRr1Hni4x0GA8AEfuZ0UnHg4nuASg92Kw1L6UgjRxvJJnHUzJAharBZZe1pzJ8N6ytej2j7NZ+vua0nvwHqh8aTkkG55uMGwhVElUsG23qPNX1AszDts+YeaY+onTtBO9K2pTeeUDtwSexyZNJ3xSA4u+qV6aF1b6qDNDFLG38njhlKsY7ipakr3svzehUmGSaYUuhnxOQO9D70pjumnsu6DzP0S1ef9Vw7fFGyj4KAcUvHZOgAfutHsA0th0gzmCMJ8TicllszohFmWzZ1SNwiBmQf1DI70NBJ9wubafBC7H7bRu1p8MEzWM7XYl+wMLXt3kkTjjHHDhgUcouhw6o7AqQr1fMvo3OXApPUWBFsCiSXl1eVSxotJl5PMnxVLlY7NVOK0MzBb2Sx44g+SRgyCn2uJB6FItVuJBS7WLlMbfj33RxtRWseSVUymVexplBeoylVDNVfLGji0eQQqthK2OJDGfIPJZLQZTBu0hTFU2FLqaXWaoQMdv/ABEJQc2V9F0Ns4cwAxBc4kcYAEFId7WcUa9WmPha9wE/tnZ8IWeoj0pm+jn1yiZadIpouClqsJP6jHY37kpes7ySAE6ChqMa39oA7f1eMqmmhcnL2L63I1FR9zLWzhZNYCoyctYeBW6qczyQq0YvaOLm+YRUgCBp0vnUZ8x8ks0XYJu0vZ7meDh4z9UmUHoXVLqD9C/C+zbTflK1UjhzWOjjOMRyz5clrsolwA4hYQCMnCsPXbSgO7G9w+5SvpBT1a88QfzwTndzNjW4knxSxpXT943ofVMckfDFWGXigmmYMrUH4TOPD6LCwytDn62eBAG7P7pauBw1YRu+vtt6jxwTGBBHYUqWGNYcJB7s02PRuCVpirWRqSCDwuMC9SdLQezuU2hHXwL13OELy7C8qlib1U5WvCpctDMyu3pKto23DmfMp1eUm3oPeP6lAaxcIZfj/M18EWHILU2IQ9j1ppEmeQE9phApjOcQ1X+Bvyj0WKo9a7Rk35W+QnxWBwR4tQ4aK19SkD1/yxSbpf8A+29258OHa0A+IKa7iwoDvH9zkC0xs8lj+o9R6q2aN4yulntzv54BFxN1q7Bzn+3H0TvWdO5IFz2gsrsM/qjsOB819BrN3cpVNKulmn5C96/gOrlC6o22ngR5otaGb0LrNk4ZyPstZdwaHYYtL7E42Z5j4YPYCF83o7l97tVka9jmOyc0tPaIXxC22J1Cq+k8bTTH0I5GVlqo3TCdDOk4/Z2myYRSxUQC5xJwaT1OQHj4LDZ2IlS+Amc4nqP9oXFHqCs8umkMt1M902eB8ylrTejAY8cY/O9Nty0yaDCf5d2sYQnTOya1An9plM5RuAohLbk+xDpjFbKVMEYkg8oWCk+RK12d5ShqmPruNo0so6p/2mrWS5RfiN44HHwTC34WznqiesYorA+4u1foFLI3Y7SrYUbD8A6nzVhTBeVCz1Iry6V5QWO1VnetVqEFZXrQzMlQYpTvZkVXcDim2qlvSFkFrt2MoXVRuFhuilWSvcEFius4lcpEFaqFITklqjyOJSpBa1OnH+I8AEPe4FarSdqOxVWelrOa3iYR6VsWN0rGKwN1abRvgeWKG6ViaIPBwPmPVFzuQXSqfZN+cT0h3rC1zcY2D6d3lT+ROsz4qN5OHmvpj8Y7V82sA9+zk4HHkvpBflw/PosNNwmG/kOZL+GS2DLh+ZoTaWwAd8z3ItaRKGWwYFaz9wPG/Qe7Herixrv3AHpIlImm7Na0Cp+9onq0Bp8h3piuqrNJh/gPAR6IPpmBqMO/Wjwn0XZ+YE6a1lSF6i6EWs7Pczvk/wDzCX2PTHZGe5bjmSfT0QmDmX0H6hbYr+j7o9ZgbNT+U/5FdvW6faUns4tMdYw9Fm0atsUGtP6SR4z6oyy2tOaZLsKZVuPgbWar3t4FXMMItpVZWstlQN+EnWH/AGx9UHewpVmjUmPcEt0EELtl72tAnHHoM/JM4QTRiy4vedwj+7/SOQiMEajb9QDVyTnS9AxdrJZ2lXFqtumj7pp4l3mR6K11NHR8qFr7mIheVtRi8oLkLedpYytNpicFncFczM9UIPflLWpE8Me5G6gwWO0s1mOHEFZ5Fui0a4pbZpiXZnYopZHy9o4keaDsBBRO7DL2dQcORlKU+pD3IulsIWgbR6lbLnZL5jIHviPVZa2Lii1zU4DncYHcMfMJjBWxVklUTVUCFX7T1qRRasVU5msCDvWuRXGgfHLbJM+csZttPPyX0lzcJ49iSbbYyyrq7pkJykGJGWXXKUJgVNoO1ctyi0V1R9kPtbMEULZ+ixWli3kuAWD5Nl0O92zkI7iUH0wqYMHMny+qI3S6GkcHHxgoTpSZc3tWeZ+Ga6dL9wu03JrszfdsH8Z/uk+qUaeadKQ2GfK3yCG0y5YbrZcJBW4KsFzNxAI6jP8AOSKlyXbHV1Hg9h6HBGnvTKD4FGRdQl6Vj/yOrQhlEBGtLmS5j+RBS57SEt1C62N9K/CQ23IwCkTxdPYMFpcMVZddKKTI/aPEfdcqMxRcY7YJC/JLdOTHK5WA0GRwPfrGVc6zCUKuW2RSA/aSPGfVEG28LePYHdWZrTQjuXlG1WsHu9QvKTqBNUyqnK+oqnBWKFFRUkK+oqAqS7Fo9xKvGnqVHDn6larmG2Mjsu/xI9VLSJnvOwKu4v6jf+3+JSpqsv2Pr3YL+Aoc0esDYYD2oNq49EcpiGNHJMcQnzPg48LwCkQvELSRjDuLekY22cc+6EdpAmJy3b+G5Lt/vmtHBqOUKpgdELBrew3LHw0WgBU2gYq32gJOGG7H1WaoVvLlA8e52wiC7gSO/H7IXpS34SjdlZsjmZQzSqnsB3NZZo+Ga4JeKhWbmnRg2QOAHkkqicU8OMtB4geUrDT+oXq/QzVHYIxTfLGni0IMxkwN5wR7UwACMx3bF+V9kLuljthg4knuSg7NNWltM7B/TEduaVXsQGd3NjTSJfrQ96NVtag3M6uz3LVahtIVodV2Hs5h3eIPkitpRcJbsaYvzR25Gjbd9SGnr6LSaiGWJ8SFsD1rF9Jg48nXOXlFeUnEnqtyuexUuC0MyhwVTgtDgq3tVZdiyFe+2TVPQKF2N1ajY4O8WkFX39g8Hi31Kpu6ptsJ5+KVyr9v2OINvD9BFoklG6ZkDoPJC2sxRRohMMcaFmV2SUXFSaFCvgCeSvMzgJ151des87gYHZh9UwWNw9m3jASq4GSmG6nzTHLDxS/A25u/UZahJY0l6Gp71wNnDecFB2K02JmJO4YdpRq5AXwjbTp5ckL0jZNF3Ig+KNNbgh98U9am8cp7sVGVXBo7C6mn8iG3MJxsuNJhn9I8kpez2pTRc7takBwJHr6oDTS62hnq10Jm+x0pdO5viUUYJWGxMzMb+8LdTTOKqInk7kC9IbNr0XRu2u7PwlINZi+n1W4QUi2+yaj3NjAHDpuQOpg7UkMdHlpOJs0ZeWvHNhHqEw1c0sXUYqs6+EFM7jxVsD6WjPVeeztMwR+ZrU0rI3MLTTREOwNLuWwvLoXlYguB1mh35IVDwo2OtEtOR8CtL2LRMzaMhCg8K5wXCFDJQt6Q0ZDXDdggbcE5W+zazCD+EJTqU8Us1MdsrGmlyJw2v0D9ifrMaeIx65FFggdyZEcx4/6RxHYJbopgGdVJomwLtQYKTQvOC0kZoSL1btvAwxOWCK3R/SHGSs+kNOHzGYHmtN1Nim3mT5oGHGRoOyS3YUy8sOQz3InZqUAAKmzUt/HLotzAjYqkAt7mdWa0skEcRC0qFQKH2JXDPn9XZcQdxjuRu4X7Dvm8wPosV9sb7V2rynrGK23GIY7r5D7pbhVZWkNc8t2BN/AxsEABXMyVDNwWgJr6CiuSFRKuk7oc35fVNbwlHSSTUA/iPMobUeQJ03nMtzyajDznzTO5Llz0zrg/tBP53pgbJMLHB5TXUeYuoNxJWqmFW1kYBaGNRaVIE7s8AvK1jF5SSDitNltO53YqgA7FuB4cfquOpg5YHgfQq5Ro2PYq9VUU65bg7Ja2EOGBXWQUvZglarR2yOcJuhYLZd+s7WbAO/6obPjc0qN8WTazFddlA2uwIuxi5Qohoj85qwtWkI7YpFJy3Ss8vELwC9CuVBd72HXGsDi0ZcV6w2aA1u4CD1RSF1rAMlT9a3bi+97dpFjFJehdWllDiqtDw1slXQsd42UvAjuWeRyUW49y0EnJX2Faq0vcTxM96P3TZNVjZHPtVtmuprYJxPDciLWgIfT4XF7pdzfPmUltj2IMYrF2F5GNgqIkJav6nLxxAjxTOqa9na+NYTGSyywco0aY57ZWL12WcgZYu8tyNUaOqOe9X07OG5BWsoLseNRRM5uTspYxaWMlWigBmYUKtsa0QwY8forNlUjQQ1gl2e5v1XkJfUJMuK8otk0hPuHSplSGPIY/nk7ofRNLK4OeK+HuzHVfV7k/pt6DyWxRh7VnIg8jmuARlI/OKrprVV3KskccZaiM4KubaGnPBDT8QWiqqs42CDkQpNZzCGq5ik43+yPBRNI8CoUVtprjjJ7M8F7UKLsXlxwI9mvezRhV1cj+b1xwM1Cuhh4LfZcytoXEgP2ZXRSJyCJWzd2+iyhQcU//AJnftPcoOpxmuV0PfmuZwQIH7h3qDqjBv7lhXCoZyNzbYwfpJ6rht7yNmG+iwPWetvVbLI3Pql2ZkqynQcd2HHh2nAKq7fzxRW9vharqKKvgxHUbntHlgO/evLFUXlrtRnuZ/9k=', true, '2021-10-21 16:34:02.669');
INSERT INTO public.product ("name", price, category, stock, image_url, recommend, create_date) VALUES('ปลาดอลลี่', 40, 5, 99, 'https://f.ptcdn.info/960/026/000/1419755045-WP20141220-o.jpg', true, '2021-10-21 16:34:02.673');
INSERT INTO public.product ("name", price, category, stock, image_url, recommend, create_date) VALUES('เกี๊ยวหมู', 25, 8, 99, 'data:image/jpeg;base64,/9j/4AAQSkZJRgABAQAAAQABAAD/2wCEAAoHCBYWFRgWFhYYGBgaHBgaGRwcHBgaHBwYGhoaHBocHBwcIS4lHB4rIRoaJjgmKy8xNTU1GiQ7QDs0Py40NTEBDAwMEA8QHxISHzYrJCw0NDQ0NDQxNDQ0NDQ0NDQ0NDQ0NDQ0NDQ0NDQ0NDQ0NDQ0NDQ0NDQ0NDQ0NDQ0NDQ0NP/AABEIAOEA4QMBIgACEQEDEQH/xAAbAAACAgMBAAAAAAAAAAAAAAAEBQMGAAIHAf/EAEQQAAIBAgQDBQUDCQgBBQEAAAECAAMRBAUSITFBUQYiYXGBE5GhsdEyUsEHFBVCYnKS4fAWIzNTgqKy8cI0VJOz4iT/xAAaAQADAQEBAQAAAAAAAAAAAAACAwQBAAUG/8QALhEAAgICAQQBAwIFBQAAAAAAAAECEQMhEgQxQVETFCIyYXEzQpGhsQUVI9Hx/9oADAMBAAIRAxEAPwC9/nS25T0VBfYyqpXPWEpimva/P8JO5Fah6LQuLcce8Pj74amKpsONvA7GUtMc/XgZKuKfje0B16MeGx/nWMZEHsyNQ+UplTO3Zm1DvcIweqT9r6GAY/BuBqpjUeamwJHhyM83PDLJtrt6J8vTzW1tAHZ+jVeuyvsqgm559AOsnzDDvYvoIF9j1tztI8Pj3puGCkG3BhaZnGbVqyX0aQOQilHHVyVPt+hH+gJhlQMHYm/MSXHvhbFdN6jHukbWhGX4BHp6udtx0Mq+dYcqy6duV4vDU8jVvWjN+S19ncjdG1awSeAHTxk+fXIKFSWXcWEC7KYhkezMCbC0vNNFYFja/OU/SxzNSumgl2o5TnGFNZNrgrw84ZkKIiqtV9AtufwhGY1FFV9Fyuo+/naL8TS9oQDyPCFSf2XpGWWfCZzSpkph1vY3LfU84JmOcPVe2sA9OQizDMA/sFHK5MaYfKELgEbmbig/xd0wrMRH0iz+szBU8QXCJz4seA8TLjhsrQKFIFrT1sHTQXUWlEeiSdoa3Jqmym9pMY+FXasGY7FfpK5gaqVwdQbzN5N2wxKPXFt9Ox8zFNHEaXGk9228ycFHSOUbVosNKoEGlRsecFTIaDuXfvX68IzwSq484YMk9pTdFJVhup8eUDGmu2g4wclplOzHsoNRNN9K9L3909yXsPiKzd9iiX2O+ph4Dl6x52eyGohNTEObq1tJ4WB4zp+HC6RptPQwqX8zsHadMq+T9hcNSsSgdur94/HYSzUcBTUWCAegk09vKTLPPZqOAE1YCes8iZ5x1m1hPJHqmTjClUH2hIaxUxbTqQulVBFpFZ6qiEv3XZepDDyb+jN0qCDYnvqLEa04eI46TFlLHd6x2NzcHlMZtaLC28IwlVbaX5cD4dItwta/GTNMZyDMRhUfY724HmPIxbmGHdEOldY68/URph8aoUAp3v63k5G1+fSJy9LDLt9xOTBGff8AqUbJ6zPX030gA7A7XlczrGMKjoW+yxE6Fj8r2Z6AVKh6jYn04ec5ZnGFqU3IqqwLEm55+IPAjyg4+njGXbZBPBKD32HWQPrYuW06Rf1lry3tPW1FWphhybgPWVDs9RVe/U3UcB185Y8rrmvW9mthqBI8LROTlGTcP/BL7gNTMgajh7XJJ24TPaqhLg36ecAzLL6qVmDju3tfxguNrhOHGYoK1Xc7iMcMxTEK5O54zoORYXUdZ9Jy8VCxDX5TonZiowpDW23KU9OrlsKK2Os2zMU1O4vBMkzFa6He5BIMXdqMP7SmwRSXI2I6yDsxhTQQBl0sftectbpjktFf7W5PoqFgNqh/3SL+z6rTDEkky59qcHrokgbjcem8peGxVWsyUyNIHORdTGfJcXryUYFBW5L9jfKkKMBfbVa0t4qlSCOMT47JxTZGUnci4jXTw4TqadMbFRq0ZjFNcBVOlgfQyx5bRZECubmLcvwliX90F7S9oxQAA3Y8BLMOrbJssfuVFkaoIO+KA5zmtftbVY7EAe+DPn9Vu8SbRrmvAPxPydPfFr1gNfOUXmJQf0pWYjTci0SYjEVC5G9r7iJWZsb8CR1f9M0/vD3ieTmfsn6NMhfI/ZvwouT4BDwJEHfBW/XMcvTHQQSo6ja1z4RJYKqiMODn3RdUoktqvuI8rsSLmyj4xJiadztvNMsNy+sb26Sx4JdREpuAqWcAixlyytwCLzGtm+AnEYQDhBqGYXtvGeMcC1ptgcgolQ+kktubsbXPGwBhRi3KkA8ijG2LMVjALdTBcStKqpSoiuvQ/MdD4y0/oej/AJaeu/zkyYVF4Ig8lH0jPib7sS+ojVUcozfs+697DtrQfqH7Q8j+sPj5wzsjl9VKoqtScBb27jXJPpwnT9I6+4T0KPGLl0qfkjmoydxVFWzDCvWJ/uW35mw+cqmP7DYl2JVUW/3nHD/TedV0jpPCPATo9JFPlbB4nMsH2Brj7VSkB4F2P/ES15f2bZAFarcDkF/EmWG58PdNgx6xscMIu0alQNTy5QLb/Cb/AKOXmD74R6zVmjKQRBVwCEaTe3nEv9kUV9aOyno1ivwsRG1Z4K2KI4GDKMX3RsXJdmJ8bhKi1BrXujgRuD5Gb4anrbwHHaPqGKVwUcA39x/nKv2sxhwiBUBOu4VuluIJ6j4yfLjr7l2KMU7+3yNcVmCKrKhuVHATlueY41nuxtbYCEZTmTBySbkne/ONsfk9PErqQ6KnwPmIUJXHR0o8ZWyjMo1adUeZeNdNl+7FeYZTWonvobfeG49/L1hOV1CLBbkseW/ymZL4h42nIa0sY6AKRx2jZMFTsrcWbjNHwbsoAQm3MiBph8QGA06R18JBKM3uKK4yivyY4/RydZ5Av0dV/wA6exdZRnLGWUreCVCANhvIxiGBKv3SOX4g8xPcTiFVdR/rwnpE9i7HPYXY+Q6npFdR2PGyjoPxMLqIzHU3oOn84LWAmWGlZHhh3lCi7Ejbmby3Ze43vxAvbygPYzCB6rva/s1AH7z3F/cD75bMVkd+/TsHHLk3UeBhqDasU80VLizyjUulwB5xpgDdB4XiPK6mi6ONJ6Nsf5x7l9IgNfYE7RkNsRmpJonImaZs0wuAI4lNLTBNtYPCYjbzDjcJPfZyCoLvx2sNoWzTIu20c9EDJBMTW0yTFYoCBNTJ7zeg+syUkkdFNmUKhY7+gjJgAsBwgBaF4hoEHy2FJULcc4EUNVuYZmFSBYOlrcDlz8p03sKIQUYAN5ekg7UhauCqM3FF1g9GTf4i49Y4x9L+7OngLSqdsaxTBaQf8R1Q/uqC5+KiApaafo1K2q9nOqVezXliwOL4EGVhqU6D2O7PFEXEV11FzbD0ebt95uijj/Qg447pDsrpWxrl9N6gCsmosO6pG5HU9F8TDv0DSw4u7IpO+lFF7/MzfN88TBIVuHxD7uRyPQdFHASmr2oOrU4LE8zKaRJb7lqenVf/AA0sOrtb4AEwOtluL5JTP+pvpAaHbSkPtXEZUO2mHP69vObwR3Ngv5hjf8un/EfpMjX+1WH/AMxfeJkzgjubIcxyc1cSgDaVKuXIt3bEWI8Tf4RNjspqoxZhrRfsldxbrp43l7wLIym/2jf3eEq+a49UYKxbjvbpI3pKi7k+TRXquIW1ybCJMV7Rj3BYdSJbcwwdF09tSvcG7AknY7XtyPCKK3CaOhJMc/k2c/3que9dDa3IauE6Kk5D2exfs8TTPAM3s28n2HuNj6TrV9pTidxIupjxnfskLSGrVtMZovxdTaMEkxxM9CFyBeyjj4noImSsdUaYCvc2iZTXYJRrYZirLYDYWgiYm0mzV7C/hAaOHJ2JseJ5+k6Umlo5K+4ZgCSWPjCMXV0jx5SHBoVJvN3Yaiefy8oEJcVs5q2Q0qFu+/2uQ6fzkGKrwPNcYQbesBGIL8Dv06+UCUnKxkY+R3l32rwyvFGAxqjbfV0jSo9xGYewvItiXMkg2CawJHEm0Ox52MWYZ+PnByumHBWiwjei4/Yb5Sn9sKDPhKWm3dqb8uKN9Jb8A91t4W98Q4h1/NH1rqCMpt5NY/AzY71+hl8XfplY7JZPQDtVxTqFQjTTuLux4X/ZEt+KzqnTR64dalZgVRV4U05Ko5SntmmH/wDb/wC4z1c4wvOgw8mhxXHsdJ83bE+Oas7l3Vix8LxfV1DiCPMES64TO8Dfvo9vMj4ieNWwznu1bDo+/wA5qm/Rnxr2c9qvBmadFr9nKbi6mm/7psYmxnZO331/3CbzM4emVG8yP/7MN9//AGmZO5o7gzs1PDjSpi7PsCrAFlDg7dGHkecYLWVF3ZbDxifNsezkBR3R63PpPP6rNGGPT34PTwYXOata33ENXJrX0Oy/stex8LiLqmGZRZhv8Pfzlg/OmH2lm35wh4i3wnnQ6+UfyVlsuiXeJUWbSyt91lb3EH8J2JXuoMoeIy2i44D02Pwliwub6VCspNgBdTfh1BtPRwf6hiepOv3Iep6PI6cVY3cxZjX2MlXMqbfrWPRu6fjA8XV5y75oSjcWn+x5/wAU4upJogFh584Zlb2eK0717H/ue4TFMr2tvy6EdZPyt2O46osWPbvL0Av67yPAqWDHxHuA/n8INVrFx4jbzjnCUQiBefPzMOKblvsKl9qPavAN02+kXY2tpMZtYgr12ldzJiCrEcGCt7+P4Tcna0ZBEOc020h7H+UV0U73G0tK2dWRuDC385XmwxDaTsb2PmJlDIvVDPDhbAi1+f1hzVQEudgIsoU/HcTXF1twDsoFz4np5Q4y4gSjZpinL7Da97X5D6mBp3Lg7ec2w9Qu4UeA9/H8Yb2hwY0pUTgLK/8A4sfl7or8nYUdaDsrcWvF1CmC+JosNmDm3gwuLTbK6h238hfb0hGITTiaL8nD028x3h8C0corTQt+UcwqKAZGyeEKzChoqOv3XZfcSIOWMGWg0QmlflI6tCF028J7UcWi+TQSFPtXQ7EjyMOwvaKumwcsOh3gWNccoLSYiMTbRzSvZaf7VVvur7pkr/tzMnbOqJ16pSAR7gHha4vxvF6U0B7ykD9kkW920NerfaC1UE+b6vNF5U4+P7nr4eSjTZDmKNTXWjF16GxPwir9OJezpY+H8oxNZk4bjmPpFGOwqVLsndbmDKsUcOZWtP0C8uXG97QcMVRbmVkyn7tQHzlTAKWRr+B5S79nwHwaKQNnI3AsLs3Xzjf9vjL8X/VGv/UHFJtWQCq44qCPD6TBigOIK+8fyjCvhUCnu2I3BBI29Noup3ZrBthxvvJ5dHkg/t/yMj1mGa2qJqdcEWVgR/XMSRmHc2Pd1Am973Nxa28Eahc20qef3Zt+aOBcBgPRh8N5sZdTj9v91Zzx9Nk7NIsOVV0Yi5AI3sesd6pT8JltR11XG5IAIO4HPw3v7pL7HEU+Ae37J1D+E/SXQ6rKopzg69r/AKIcnSY3JqM1fpln12MBzeldX8V1eo/6Hvihc7e41BSR1BQ+vH5RomYJWQgAhgCbGxuDtsR6R+PqseR0nv0yfJ0uTFtrXtAFGvaxBk2bUz3Kg2vsf3rcfd8oOtHcW4RzUp6qZXjtceY/r4xkU6YttJoV5cNR333vfhAs8GjnxjPLxYwHtSgJp3NhffyHGY3cbMv7qAchBBLnnawlqWkHRlbgwIP185XMC126bj3S0I4HCFj7GT7lZoUzTYg+I/CMM0Q6EcG/s3R/T7J+DGEZvTF9XUX9Rt9IPh3106ifsNb3bQ7rQL3s5X24R0xtWxsGKuP9aqT8bwLD4SoVB12v1l17W5cj1qVVjs1JRbqUJ/AiLAi3AKCw4bybNkqVD4P7dbF9LLKmkd8D8YM6ODZvfLJUxKqNwLSt5pWVmsAWJ4AfQRUcjboNR8tC7EGx3B9N5roH/cKxGtALIyNyuCPdfjCMjyY4hizk+mxMfGdRtmOFukAezmS2/wBk6fV/fMg/UQC+CRakIvuZNSwTvvwXqYvQg7/CaZ3mNZyKSjSLcunjPG6XpoZZv5H28Fmacklx8heJqYdNmfUfD+UUYmphn+8D13iOrQcPYsPfDsVhwlLVfeeoo4YK4pE3HJJ1Js2xGFDL3HDjoeMfdlaZ9g6FbWc7ein6zm1eqysHUkCX3sFjS6VN72KH3g/SVYnGTEZoyitj3E7rfmB74sRdAv13P4RriyPr5RNWJY9B84OVU9AwdolwpuSfC0e5bS1jR1G56CJMMhNlUXJ2AEuGX4X2aW4sftHx6DwE7HHZmSVIJWiosBwAtBcwfQjNztCg8EzNdSEdRKX2Ep7FtNEemocBmtc3AO5JJ+cmoYJAQVAUcducV5diBex/lHWHcCDGEXTa2MlOStXoWYggOw8fnvDsLiALC8T587LVJHAhT8LfgZHl1e53MDtI3jcbG7AK1h6eRkGf0wfZseWr393f5zfEGwU+NvxH4zfOad6aHo3zExrTMXdCvBaRuTaOMPWufCIVcLxAt9YRQrb26Qo0jZRsaZ0/cvb7J+B/oQPIXu3nCsYuui4BudJt1O20T9nKl9O/WZL8kCl9rFnbLEeyw1JggbRUelvyBBI/+uUkZvUa4BUdOg9Z0DtrQ1YbEjjodHHrpufc7TmaURYi17zJxjdtDsMXJaZpVzGq2xcW4TzL8c9JxUUAtYgat5EyKL7W2kdJQLFbH97h7oC412HOMouhtmeeVqyBXVbbEEDf0g2Bx1Smbo2nwg9QABeo4kHjN0RTbU1h14/9zOK40lpnKUb29jn9PVfvt8JkVeypf5p/g/nMivhh6H/KvZ1LA4IoAzsOWwg+ei13W92AA8IqxPtsMheq+rfYcQYkxPah35bSVQlbpd3sNRWnZHVxCmoKbmxJ3N4bmOKUgU0a7XCgcTvGWU5PhsRTNTgSd2PG/QSLA5JQSvqRmZgDpB33hucEq9HOLbsFzPsy7gBSqlVuQfiYz/J/hDTaoutXugO3IqSD/wAo4zdlGHdNQ9owAvwNjxAi38ntC5ZywAX+6VfvE99jfwCj+KP6ebbSRNniuLbHOFf2jNfkL267wfEixjPL8JZ3be1gF8b8fdaD42lvGU3tk6aTpDfs9gdCe0b7T8P2U5ep4+6NjKxQ7QOtgyK6gWuLhvoY8wGYJVF0bccVOzD0/GURqtCJKV2wqQYjhJXaQuZpiKylErUI9R6mMqFbSdN9+fL3TMagvq5gcYswRZ6l973/AK+EzlSoZXLZP2hT7DjmpB9Df8TFeAfvSydoKN6Y8Db3j/qVPB1LMPAxc3UhkHcSzCzrpO3MHxHAiE41waWk8QRBjvYi1puzXXeExbEeKXaB4bEEPa8Jx9fvaZph8ASQwuedj0nJBXRYcFUuIky2utKsyNZRrbSeW5vpPQxjTYgcOHCJc6p6iDbjt5zpPydFXodZqA74mmP1qK2/e0Nb5LOVVsU4XbaXrLMSQ6ne4QKb/s8PhIO2mTUkoJWRNDF7Pa++sFtx5r8YMlyi36GYZvHLjfc56zOeIB9JGaB2IUfOOWxVMUwgpt7TdjU1X3/VULwA6mMMtuygtJMmR4lZfCCzNp3a9lV0+G9/T3TWqpPz8BLygvcKoW/61gd+fGENSBFmVOFr6V3+ER9dWq/uG+jTOdey8Zkvn5qn3U/hE9hfXL0Z9GV/tBjatgj/AKo6wR8irtTR1W+rcLzIlny3IxWRamLGnfe7WJHiI1TtBhabaV3K7C/JR0j4yUdR7+RLbe2JssX2WHSk5ZHJY6f2jG2VHDp32Yg8L8T43ldzrO0ruAi6XU7HiSYpxVV6b6tLA8Tfhfyi/jcm702M5qki8YgU69VNOsqA2o23sOvhJcqxCU8TQpILLao7eLVAbf7UX3ypZRnzqruynv7BhwU9Je+xuHpMajMil0ZVuRchdC8L8Ocf0uNxmyXqppxRZcILBh+09vff8fhF+PFrxrosSPEkQDHpcHrHTTWiSDRXhQLN4fWSqmixW4YHjf6QuhT5cZuaG026QYdl+ZFu6/Ec/rGDtEeW0wr3PWO3QWsNpsLkheRJPQmzXEnZRzjTKcvCKGb7R+ETZlRYG59Dy/lDcJmJdQCdxYTEql9xz/HQwzOzI6/s3928oToVcjxuPGXYLdX3vdW+RlQzGlY6hsROyewsTrQ2y1mIAJjQ0O6etjaIstxN7SwUnvBjKzpaZV69Es4NucdVXVFW9ri1vSD4yqgcq3dbiL8GB8YtzJ2Y6RwtxPAeJPKHGXGzGuVBbZmp3Jsfh4QLG4nWLXv0k2BQMi+zdCt7M17HUOJO3wEM7R5jTCgIFJHMADeA3dsNaaSEuXKS4HM7Rn+UGoi4amjNa7j3KjX+Yk3ZjLWH9643P2AeO/6xlN7f537TEaE3SmpQEc3JBc+WwH+mG41jafk6LvKmuyAqdegLd4e4ydM2w431/wC1vpK3iaWi3UgNxB4jw4SElbWXfcbnbluLDleRPpYS7tno/VyjpJFm/tHTUN9tjc6bAC/0tJcvxmJxCs1OmoVNmJO52vtfwiTLKdFNNWuEdGLLoVu+DyJX7vr0m9LD1CWqIKlHDO9mYFiFW9jex3hLpcS8C31WS+5N+man3j7hPYV+gMF/7se9J7C+nx+jfrJGrYmtXOhSWIvex4SrYpdLsDu3DrvHOVriFfTTF2ba34kwluyNUlnqOiG/LeZDjjbt6Bk5SWu4jy1dFZNakWYHzF+ctPaPFByb2tbuyfBfm9JlQMKjmysW3ufDpNe2VKmH1JYWABA4TMklKao7GmlvuVVajadA+zcGX3s3mXs8a6NstQsPIg3H9eAlPwlNAuskR+9P/wDpU/eJH8abfOU4n3omzK+51dn23i7GPzB3H9bytdjO1q1VFGubVFGkMeDgbfxeH9CxYvBMd0IP7JPyP1lEoqSI4viwI4xRwFjzH0kDYwk7CDYvC1L7o4PgCfiJFhcLW1BtL3HC4IEklGd1RSnGrscYZGbj3R8YxatYWvwgns6h4JbzInn5pU6qPU/SUY4uO6ETlbJ3rg7HeLKtPSSyG3UH8IWMtY8XA8gTNxlA5ux8gBGOPLuCpUR5Zje+Fba/WJcVV3KnkSPcbR8csoj7RJ82t8rTR6eFTdtHmTq+d4PxtKrN5q7K5TIXgY1wePPRj5AmT1M/wVPjUpL5aRBK3bvBp+uT+6L/ACvB+BewnlvwS5lTeqFK03LDbcW2Pn4/OL2yHEOLFbDoXFvcCZFW/KVhh9lHb0t87QRvykg/Yo/xG3yJhfFHyzFka7Ic4HszUQEF0UHfbU2/uEZ0Mko0+/UbVp31OQEXxtw995Rcb+UDEsLIETxtqPpylYx2b1qxvVqO/gTt6LwHumqEY9kc5Sl3Z0rtP2mIQph7kMO9UH3T9zwP3vd1nOa67z3DZoyAK12S3C9ipPNDy8uBjGrSUqHBDo2wdeAb7rrxRvA+l5H1HPlb2i7pnj40tP8AXyK2oWAYbg84PUpWGw4+/aXjK8tT2CE6W1lyQDuuk236HgfWLs0yZl3XvL8R5yNdSlPi9FbxKUbRVMQU0qFA1Ddjdt78rHp4dYzyuq/sK4Zrpovo9qU7x5hf1/3YPXwNyb90wZqRUgEXPLa4N5ZGaktE0oNdwbQZkM/Rr/df4TJtgUGpmjISytpaxFxI0zGqVNzqB6yXGdn6tKy1UZbc+R9eEa5HlyN9tlABFlPOKnxXdDYW9plawyN7RAg75bYk2A9Y27QKQtmdWPPTyMsWcYGiq95T/p2sPCVB8tZw5pXZQeZ3mJqbT9GuLimLcPhmf7LG0vWg6KL8wiE/vU+6f+PxlUwNVUuG7unjeWPs1morpUS1vZsGUfsOACf4h/ulULbfomyUq9iDHUtFasvRmI8juvwIhmT9tsTQspYVE+69yR5Px995v2nw5Vw4GzJpP7ybf8dMQ/o86C17kDVbwjnJKrJ445Sul2Oj4b8ptEjv03U+FiPhv8JLU/KXhgNkdvC1vmBOSMYTl2GR2sz6d/6MJypWwY4+TpHRK35UF/Uw7f6io+IJi+r+UmueFJF9S34CIamQ2BKNw9QYnDFH330n5QFmUrp2Ol07g1yVFvftzi2/WVfJSPmYJW7R4lvtVm8hYfhJVrJWTv77cecrWZU2R7X8Qeoi8eZTfHsx2XpXiipd0w+rmVZzvUf+JvrAsTUY7MSfPf5yBaxtJL6t46yWrIvZ35SJzCuE0a06zHEiVrSQVbDaaGnfhPHQiEDR6a5ki1LiCvPA0w4MqnYeUJy7MHpsSjWuLMCLq6/ddTswgWsHYzPZkHeYzUXXIszpFrLdGJ/w2N1vz9m54g/cbcdTLNe/OwHEWG+3AzlF47y7tA9MBXu6eJ7w8m5+R94nmdX0XyvlDTPQ6fquC4y7eyx4/LdV9GzbnT+IPMfGV6tQI2Ybyx4PNUqqRTddZts3dYW8PpeR4lnSotVLK6EMpIBBbntwkmNzg+M9FspRlG47K77Lz9wmQj21X7x/r0mS24eyf7/SOoUO0iONNZBbntcTdMkwr6moFUZunC/lylCw2aI/A2PQwlKrKboxHkZZLjJfcrPOipRdp0T9psixSBu6aiH9ZeI9JXBVWlQFjodTdwbg3vLXT7X1KSk1CGQcSeP85z3tZ2hOMq6ggRBsqjifFjzMGOCPga+ol5QuzTMPauW0hR06+JhHZjMBRxCMx7j3R/3X2v6HSfSKWmpj0klSJnJt2zrGa4H2lJ0/XXvJ4st9h5gkeolY0AUdfLQQflaO+y2Z+2oqSf7ylZH6lf1H93dPlE3a3AsjB1J9lUJIHJX4sPC/EevSJy4nJqn2ZTgz/Gpau1/cq+mYom5WRsDHE1haZjUVdIc2gbuSd+M8vPVQk7CYoxXZBSnKWm7GWU1DrAvYGFZ3hWBV73U7X6TMHlTixJ0mwPDkRcfCSZhigENNtzta3CTSf/KnHfsuVvC1PXoVmmAJiDlNGqTVGN5T4Ik9krLIjDMPT1sBex/rjB8TQKGxnI16PaQvtCdHBTbxMDoNva9pviQQeN+s4FnmIpBvs2ghSx3k6PN3TnNszjYG0LoV72Ujb5eIPL5Qd6Zm6JYTrOSomdLGYIOcSeB3H9cDPVrA8ZjQSZIW3jnAZ3VUaWIdPutcm3gw3HreJQpO438v62m9ODKEWqkrOU3F2mWH9Lp/kt/8v/4mRJeZF/Bj9B/PP2FtTB4SWnjnTi/dHHVvIq7hBdjaIsXii532HIfXxi8MZS34GZZRiq8hucZ09ey/ZRTcKOZ+83UxXqmpMy8sIyZhPUpMTYCRo9pI+KJ4bTjhnl2KbC1Fe9+TLyZDxBnQ6b0sTRKnvU3HHmp5HwYGcjZyeJvHnZnOmoOFJJRjvz0nqB06j+jjNRtmGAag5R+I4Hky8mHhPMNhmqOqIupm4CXzH4BMXT0mwcbo43tcfFD0lWy/DYjDVtWgakO4J5cduoMXknxi2u/i/Y3HjcpJf4A62S1FJDBLg2IDDiJAcK6blDt03HwlvrZdSrsWWu1Ek3KtuATxtvwm1LKKCEio9Qr95bBffa4kcet8Se/VFb6VXpP+pVmzchdIveK3cu1zxMtuYZRQIbRWDfdD6Qf4ha0Dyzsu7m5OhN7Mw4+X1jcefGk5dheXHkdK7EXspjJGOa4Nab6EfWANyBwPTx5QTTKFLkrQnj4NcNUKkEcRJaqh7tffpeQMbbiYzbTTmrIXAE9V78TwkTofGbU0PSaClujdEHGFqu2//c1oYY9bQ+hhwN+Jg9xySQBUp24yFljHHpuDAWWD2C4poCqUpCRDnG0GtGRdiMkaejRHIOxhdPFb94X8Rsf5+sGZZsizWLQZ7dP2v9v0mQXTMmaNDO0HFfWJpkyBg/BBZ/zZrMmTI0UeieTJk44yFZb/AIi+Z+RmTJxx0nst/gp/r/5mHZ7/AIifuf8AkZkyS9R+DLuk/ioq+f8A2f8AUPlI0+wPKZMkP8q/ctyfxX+wkx32lj+l/wCjXzMyZKZfgiL+diMcvX8J40yZK12ExNDNBxnkyb4O8kzTalzmTIS7AvuF4eFJwmTII4jxHEesXTJkCQSIavCDNMmQ4iMnc85T2nxmTIYrySTJkyCaf//Z', false, '2021-10-21 16:34:02.677');
INSERT INTO public.product ("name", price, category, stock, image_url, recommend, create_date) VALUES('ฟักทอง', 20, 7, 99, 'data:image/jpeg;base64,/9j/4AAQSkZJRgABAQAAAQABAAD/2wCEAAoHCBUVFRgVFRUYGBgaGBgYHBoYGBgYGhgYGBgaGRgZGBgcIS4lHB4rIRgYJjgmKy8xNTU1GiQ7QDs0Py40NTEBDAwMEA8QHhISHjQrJSs0NDQ0NDQ0NDQ0NDE0NDQ0NDQ0NDQ0NDQ0NDQ0NDQ0NDQ0NDQ0NDQ0NDQ0NDQ0MTQ0Mf/AABEIAOEA4QMBIgACEQEDEQH/xAAcAAAABwEBAAAAAAAAAAAAAAAAAQIDBAUGBwj/xAA9EAACAQIDBQUGBAUEAgMAAAABAgADEQQhMQUSQVFhBiJxgZETFDKhscEHQlLRFXKCkuFiwtLwU6Ij4vH/xAAaAQADAQEBAQAAAAAAAAAAAAABAgMABAUG/8QALREAAgIBAwMCBQQDAQAAAAAAAAECEQMSITEEQVETYRQigaGxBTJx8EJDkRX/2gAMAwEAAhEDEQA/AL+gdZkPxKr2pBebD5CaOljVAmL/ABCqb4Wx46HjlOmb+UWjnkKGRCnMMCCCCYwIIUExg4IUExg4IIJjEininXIGPptNxrnIQUnhHFw7HgYdwbFjT2wRqJMo7eA4kSlGEbjYRXuoGrCGmC0aZNvg/m9Yr+KI2qqfKZdVQcbx1K6Aiwmo1l/Uq0Tqg8o17th24ESMjU20b5yQuGW2TzWw2h9Nn0jo/rJlDZY4MD5ynYMoJ1AIF+puR9DA+L579xnxAA5+E2ujaUab+HkDICIGz25SnXatRWKkEEeYGV9RLWjtdwLk5XIz5i1x0+IesKmmDQSqezWMlUtj31MjUtunioMsMPtxDqtv8a+MbVXc2gcpbGXjJlPY6DUQUNr0jxt4yfTro2jiMm2akiL/AAqn+mCWG6P1CFDubYqaQymL7bVLuo8Zsqcwva5C1UAHh94Jq0MmZTEjvX55xmWFbBvYZaRoYM8TaS0sFoiQSV7FRq0IlB1moFka0UqE8I97wBoogOJboIKQdxIwzcor3bmwjTVGOpMTebY25ICINWvBvoNFvI0OazUShjLaKBEHFNzkeHNqYKQpnJ1JibwQ1UnQQBCgkinhGbhJtHY7H4jb5QmsqxH6Rf8ALeXmG2dQX43B8M5OO0MOgslG55ufsIUo92bfsiswCvulSjN30cd4AXQMLMCDcHe6S5RX1YEDXvPcnNzZzbvJ3z3egzlTiNuNwIUclErMRtFmOpPiYr0vsMrXc0WJ2huEMCCbpcKxAIQsbacd/PnYSvXbBAW4vYEG7XDHcpoCw4/BfzlC1ZjqY3eDSvAbZqE2yCdDzze5Ju5sx3e8vf0/0jOLo4/ugWuQGUG+VmvqLZnvHiJlQZoOz2Bapc52GUyiuDWy4XFsxvbiTrfU3t5STS2gqfESIG2U6jWVWPZVU72YEe1HYFORffxtP1/OCYz3mjyME2s2k6ihmdrbLNWsxOXKXpewJ5CUdXaFnsGsfGxMtKSQrVjtLsyxcXIK3F/WW20uw+HdSRdDbgftD2ftcrk63HMay/p7WpFBds9LcbwKSewKo4JjcPuO6XvusRfnYyPOt9qOztGpTdyAjgFgwy65zkknKNM0XYIIItabHQE+UQYRBJK4Rj0kinsxjwP0h0sForooKToJbJgUX4iPLOPhUGik+OUDaXLGSb4RUJhmPCTaOyHOZy8cpIOM3dN1fASFXxtzmS0GpdkHT5ZM9wpJ8Tg9B3otalMfCl/H9hKipiSdI0ahPGa5M3youmx9uIXwkKrjr8SZXwTV5M5eESjizwEbfEseMZgmpA1MK8EEEIAQQ4JjAnXewWwW93Vyvxd71nKcHRLuqDVmVR4sbD6z1XsjApSpIigWVQPQTJ0zGG2rssojNbIAzk3aCrw5md57d1gmGe2rd0ec88baqXqW5QSdyQ8dosr4IUEYQ69WbunwmN2qgLm9jbkfuJqse3cI6TFOcz4ymXYyJuHxVVPhO+P0t9jLfA7YRvjO4bgd7IX8ZS0tJMpUVcbrAEdZFsKNn/ARjkFI1XUHQobg+PMTI9oPw3r4ZsmFVTxUbrAf6lP2lxsjAVcORVwuJ9kRnuVDvU26WOnlLZu2Htd44lFR1yvTffR7cVXUSam29txtDfYwFDYKr8bqvMZs3pJLjDILIruebEKPQSz2v2hwj3ARnPM2T0tc+szFTGoTkrW/m/xH9V9tikemvdjtbF2+FVXwGfzkRsSD8TepgNSmdUJ/rb7GOBsPbOgCeZep/wAork3yyqwSXFEKpilU5d4/KR62MZtMhyEsSaPCiv8Ac/8Ayl5svstUxCh0w6KpORd3UN1XMkjrFeSEVcn/ANA8M33RiSxOsKdJp/h7VOq0B/XUP2h1Pw5qAZCgx5b9QfO0n8Zh8ifDy8o5rBNLtPZHuzbtfDMvI7zWP8rA2Mg7tD9B/uMupqStA+Hl5RUQS2NPD/pcf1f4gGGw54uPMftDqRvQl7FRBLg4Gjwdh4hTEjZtM6VvVf8A7TakD0J+CqglsNkA6VVPk32gOw34Oh/qI+ohtCvDNdipgli+x64z3CR0Ib6GQ3osDYqQeoI+swrjJcouOxtDfxtEcA+8f6c/raehl2llrOD9h6JWsXP5VI9Z0SnjjzhVCtDnb/aJZUS/MzjeIpbzFjxJm/7Y4qxJY6KB5zDU6181S/ic/STTtuizSUUmRvdekEl+9N+gwRqYvym12rWsvlMkGmi25VUJfeF/GZ3D0HfJEZv5QT9JXLyTiTcMhIh4jHpTyB3m+QjW0KNSmgV1Kk3Oov5gHKUbGRb7HVGEVFSJuI2nUf8AMQJDZydTJ2ydjYjEtu0abNnm2ir4scvvOg7K/DBN0HEVWZuKpZVHS5Fz45SGTNjx/uY2ps5dvRStO5YXsTgUFvd0bqxZif7jKjtB2Aw9Rb0B7FwMt25RujLw8R85zf8AoYdVO17hTZycNFKCTYC5JsAMySeAEnV+zuJSuMOaTF2+G2YYfqDabvM8OM6h2V7H08NZms9bi5HdW/BAdP5tT0lc/U48UdV3fCXceMmyh7K9iNKuLXqtI/I1P+PrynQkQcBblblFso0vEqZ4mTNPJLVP6LsgyYpU6w2EKHvxG0T3GsXhUqoyOodWFiDOE9o9ltha70WzAzVv1KfhP2PUGd6NSY/8QdhjEUPaIP8A5aQJH+pNWXxyuPDrOzoeoUZ6Xw/yB3RyINFAxgGb38OOzft394qi9ND3QdHcc+aj5nwM9jNkjig5y7AjK3Q5s/8ADqvUpo7VVRmUNusrErfMBjfI2tlaS0/DFzriVHhTJ/3CdOURZE8b43NLe6+iKOVHL3/DCqB3cQpPVGX5hjKnF9i9oUblV3wONNxp/K1jOzCGekpHrMq5p/32BrZwFq+Iomzq6Hk6f8hHDtMtqB5fscp2vH4NHBDKCDzF5yLtnsP3ZwyC1NjborcvA/adeDq/UelqmWjNdxjBbTVCbIuethu/TL5S+2btOk7L393MXDfvMKtSOI861OSC8WOW9Gg7bYkbwH6jfyEyguO8DaXdLHggJUUOnI6r1U6gyPj8CN4Gm28h5/EvRvsY0Wq2ObLhld9iv94brCkz3HrBGsj6Y8duOx+CmDwJTeI8C2XygfaVV8mqPbkDuj0WwlMhljgcI9Z0RDmzKt+A3ja5lJPa2RS7Fls/Zr1gyohOQzFgATpvE6cZrNgdhaSWauRVfLui+4v3bzy6TT7J2WlJFpooCrx4seLMeJMuaVADOfPdX1823HHsvudWNfLTDwtFEUKqhQBYKAAAOQA0kktCsIU81Sm+R6Q3UcxJcnT5x09Ylm8plFu7Y1jIFs+MMnKG692N8JLXpf0KVsOLblGaiEG8JXtlHVz0EbXrSXcVqmNirFscpFqsQQtiSfkOZjhBA1mUpLkFIDNaM1XinOshVKmsKkHSc12l2UZ8d7GkLI5378EUnveh0HUTr+zMKlGktJBZVAUDoOfXj5yDgKf5jqZZBpfP1k87jB8L7vyZY1FfyPXjm9GA8WM48WTYsNDEIxCPwt942quTC3Eou0ey1r0npsMmGR4hhmrDwMvTGKq3htp2uTI864ii1J2puLMrEHxH2hq03P4mbC3bYlByV/8Aa328xOfI897DkWXGpL6/yCM3F6WTEbOX52c60g5W4I32N72Fu6OgA+Z6TP4UjeF+v0MsMZiqm8KYZgpsSOBGo8o8YpsrlyNRVEb3w/pPpDln7+f0r6QSmhHL6jM5hKBdrDzPACbDsSFfFoiju01dydbsBugnzYekzOKrKi+zT+o8zNJ+GFcDEVEOrU7g5X7rAkX6gk/0yXUyaxSa8GSUdu7Or4WnbhLBZFokWklWny63ZVIO0BhMY20ZulwFISzRotcxLk/OMpU73rOacrTKRiTAYlV4QBrwrZ/Kc9vUmUobdYVNo7bL942wsby2it0Iw6g85H37ZGOhuEj1ljt3uCKEO9uP/bSOV3mA9YtT6ROHNySOOXpFbpWViixp5eoHhfSOoTIwNs+eseXOTjJJ7Bkth7eilje8OMINbQzrjNHO0P7/AJxYMYDcIre4EecsmLQ6WiXaN1GI42+YMrsRtmmuRYZdYW+w0Yt8Dm0cOtWm6OLqylSOhE4HtHCGjVekxuVYi/McD5ixnU9v9skoqQneYjJfuTwE5TiqzVHZ2N2Y3J6z1P06GSKbfD/JPKqryFTeXGGqh90E2ZfhJ0/lbp14SjWSKb2znoPYeEk1TNFuP/4G/wDX94JU+/tDmv2KaIlO5vLfslivZ4yi9/z7v94K/wC6UslYWruOj8VZW/tIP2jTVwcfKo4Fu7PQtOpkJIV5SbExQdd3K4zHUS1WfEZNWObR3RSaJG/A2cbBhXhWZtbm0iXEhvYOpHP/ABJFRpDxTcZk0xkT6b8460hLiAwuNY+jyEotFFuODS0RvRZMafIy2Gf+LFlHuIY2iGN4p43KcMRELEG1xBsmoGXeHNh6EiDaPwluWfkNZQ9ltqA161G9yG3xociAGHrb1lVhc8cmu25RSSqzVty4RxH4ekMZiBBOFMo+AwYdVhaOOotfy84lZaD2/khITh3BERtHGrSRmbQD/EdVAMxM/wBvKzDBVGUXI3L8bDeFyegnXhTnKMfLoRtLcots9o2qjdQkKOA1PjMlj9uEDdXXny/eU646pYje11jG7PoMXSQhyI8ra+UUWLEkm5Opg3Y7Rp3jhozroEY+SMywlMeZY0w4wGarcVvQRu8E1G1CEHH0igsOKURrJRidI2BjCFpsDnuJ9Bf7zf0aqsoZdD9ZyTs9ibpu/oNvJjf6gzdbB2hbuE5HToZ8z1+Cpto6MbtUagG8IiNI8eBnnabGGayZSHWS4lgwvGGSbS7tDJlGzMjdOI+4lphqwIvwicTh96V1NzSbP4T8usaUdS9xkXoaBhcWkOlW63vmJIFXjINOLsdbjRiGMkVLEXEiM+spGViOI1iBvAg8R/0TlDb2AxgYXCBrjrTY2I6kfYTqzMZi+3ez/aU/aqM0N9Myp+L7Hynq/p2VKTxy4lsyWWLcbXKOg4WqGVSDcEXvwz0j5mF/DvbAqUfYse/TyA4lL5EeGnpzm3Vp5vV4HgyuP9ovCSlFNDynIiNaG0MGBlvOaLphlEUrRrE4daiOjC6upRh/pYWMWDDM6sc2t0QaOFbZ2S+GrNScaG6tbJkPwsPH5G4kehQLTr3a7YgxNG4H/wAid5OZ/Unnb1AnPqOGtwn1XS5/XhffuIopEFcPbhHEo3GktUoRQoidfAyZnq9G0hFbGx0mmxWFUqeY06yjxFKBq0ZoiewMEOxgii0hlBHVECCKhFiifsetutrYZE9Row+h/pmppYrcOR5f/sxCOVNxLeljjkGPdyAPLoZxdTh1uxVLTI6psjaa1FAJswGfXrLdHnK8Ni2Ugg2t1m22NtgOAGIDfXwnh5+ncN1wXTs0QMSyxtal4otOW0YbZZExNHeEnGNMkHuhkUSuUO62nA8v8SatY3isThgwlcHKd06DT9o7Skvcey3p4gRFVc+krBXIkqhigcjJvG47opVoU6yBjFBBBF75SfWkGouUpjdOydHNXZ8Diw66BrgcGQ/Ev28hOs4HHLVRaiNdWAI8/oZje0ezBVQ5d4Zg8j+0qexO2zQqHD1DZWbK/wCV9LeB+vjPX6jGurwKcf3R590Rg/SnT4Z1NKmUcWpK9a0WtSeA8Z2VZYEcRDUyNQrekkiGDp0yM40Ejc9Jhe0uzvZ1SwFkfPLQN+Yffzm5IEj7Rwi1qTI2vA8iNDPU6LO8ORN8dyTVo5yrQmMcxFFkcowswNiIy0+oVSVolY3UlbiUzli8jVkvDQ1lV7OCTdyCajWU6xUJYckBCSIKddlPMcjDIiGEUWUbLjB4m1rG6n/16eH0llQxRU5ZfaZajVKm404iWVLFD+nn+noek58uGxYy0m+2Z2jGS1G3TwbgfE8JpKGNv+40nIXc3yMnYLa707BWNh+U6eU8vN0CkrjyWjI64lURRaYjZ3adTk3dPPh/iaWhjgwBBBHMZzzZ4cmN1JFFTJzJIeJwwbWPisDATJqQaaKDEUymuY5/vGg/EGXeJp3Gcw20cacNW3H+Bu8rcs7Mp8D9ROzBB5biufyNrUeTVYbF73dJz4RdXrKCnXBsQZb4bEhhY6/WTyYnF2UatDFenr4zD9pNkneLqP5hz6ib6qsq8auoAnV0ud45WiU4KSplf2S7Qb6ilUbvj4SfzD9xNWtacv2vgGRvapkLhjbVTfWajs9twV13WsHGo/UP1Dp04S/V9KpL1cfD5XgXFkaeiXJrVrASVh8VwMo/aw1q2nlvDZ0cmoY5RCPKzB43gZPD3iq06ZGUaKntJs4OPaIO8oz6jl4iY8idHY+kyO3dnbh30HcJ0/STn6T3f0zq/wDVN/wRyR7ooHEadZJcRorPbokpEbdgkjdgmDqKA4RuFj8og0WHAy130bTLwMBpD8rfaQOjRHsUxESRLh6BPI+hjLYccUH0gYHiZVEQJUKm49JYnCoeDDwP7iNPghwb1H7QWTlhkM0KmeR8uElBxGDgDwZT5kQ0oONV3vAi/wDmLKKfAmiUexJFQyfgtpuhurFeg0PlKoFxkUYdd0/aOpn/AJkJwTVNDJs2WB7VcHW3VT9pocNtFHF1a/Tl5TmaAeEmYesV0NvCefm6KEt47FoyOjtVJmN7f4bfoipbNGH9rZH57sZbtK6CxIP1lXtftE9SmyECzC3zvB0nSZceVTXn7Gy6XBoq9mbXanZWuV+Y8Ok1+E2irgMp9Jzy0kYTFtTN1PiOBnqZ+ljk3WzOfDnlDaXB1fD4oOLHX6xuul7zLbL2yrZXs3I/bnNFh8WGyPrPFyYJY5cHfGUZq0RsRgxbPOZPaeAbDuKtK4Azy/Kf2m+dbiQa2HBGefSV6fqXB77rwSyY9S9yDsbbK11sbBgM1+46S2DzGY/ZTUW9rROhvu8vDp0lvsnbAqixFmGoP26SmfBFrXj4/AIZH+2XP5LwVSNJZ4LHXyJlEXgWoQZxSxKSK8mu9oDG8Siuu6wuCLGVeCxlwATJ2/ILVCXuI40ZfHYEo1tRwPOQHGc12Moh1IPlM1XpkGxGk+n6Lq1mhUuV9zkyQcXa4IdhBHt1YJ3WiWoxgaLWqRxMYBkvAVUDWcXVsieK8iJy8F1MUmLccY8u0G5fOQWtc2zF8vCEJiimy0G0AdRFLiUPCV1Crum9geBBFwRBWqBmJVd0HgDcDwmsZTZagodD9ICi85UXhhzzgH9Qt1Q8G9DFENzlQMQ3OLXFNNsbUizsf+iHu+ErhjDFDHGCo+A3ElPhVOo+ZiW2ap4H1jAx0UMb1MKpAcYsI7LX/V8v2iW2UOZ9BHhjv9Rg9+PBo1oHpQ9iMNlnUMR5f5ltg6zqLMd7rax85C9/bifpFLjjzHpEnGM1UjRxqO8TQUdsFcipI8Y9/GFP5G9RM17+enpCO0D09Jzvo8Ld0UtmhqbQRvyN8pV4nCqzB0DKwzBGh8RxEhfxA9PSH/EG6ekpDBjh+2xJR1c0XtKu5AuufG3OPBXP5LeLATOfxFoX8QbnN8Nh8Gafk0a1XU6Af1CSk2u4Gi+ZMyTY5jxife25wPpcD5QKfk177WqHig8j+8i1MQXPedRM17cniYpbnnHhiwwdxSBpb7mg9mn/AJR8/wBoJQ7jdYJf1I+BfS9yitDhXigYDnTAIYMKCAaxV4d4i8O8AbFgwXibwAzDWLvDtEXh70FBsVBE3gvNQbDghXgmNYcAEK8AMxhVoIIJhgXgvBBMCwAw7woIDWKvFREUJjWHFKYmKAgCLUyzwGesraay7wiWAiyKQ5JG7CjtoIhYwzwkggnV2PK7izCgggKBwCCCYwcEEEAQxBBBCEEEEEAQ4IIJgggggmMKhwQQDBQ4IJgAgEEEwQ4cEEBhUUIIJg9h/D6y6w/CHBEkVgTIIIIhU//Z', false, '2021-10-21 16:34:02.683');
INSERT INTO public.product ("name", price, category, stock, image_url, recommend, create_date) VALUES('ข้าวโพดอ่อน', 25, 7, 99, 'https://img.wongnai.com/p/1920x0/2018/12/10/ce818da450c44e1d8cc54ee32f21bed5.jpg', false, '2021-10-21 16:34:02.688');
INSERT INTO public.product ("name", price, category, stock, image_url, recommend, create_date) VALUES('วุ้นเส้น', 15, 6, 99, 'https://d1sag4ddilekf6.azureedge.net/compressed/items/THITE2020041116585345513/photo/menueditor_item_91ef0adb9c4e469a92b353965afbdef5_1586624316884054743.jpg', false, '2021-10-21 16:34:02.692');
INSERT INTO public.product ("name", price, category, stock, image_url, recommend, create_date) VALUES('ปูอัดชีส', 30, 8, 99, 'https://d1sag4ddilekf6.azureedge.net/compressed/items/3-CYLCNX3ZCA6TEN-CYLCNX33FCLAHA/photo/menueditor_item_7abcbb14b3794bbd864e6b23115aaf44_1599730509926680187.jpg', true, '2021-10-21 16:34:02.695');
INSERT INTO public.product ("name", price, category, stock, image_url, recommend, create_date) VALUES('หอยเเมลงภู่นิวซีเเลนด์', 70, 5, 99, 'https://www.bloggang.com/data/jiujik/picture/1379217570.jpg', true, '2021-10-21 16:34:02.699');
INSERT INTO public.product ("name", price, category, stock, image_url, recommend, create_date) VALUES('เต้าหู้ไข่', 15, 8, 99, 'http://roi.in.th/mkrestaurant/public/uploads/mk_menu/images/808e134a33529cc6e1a9ae3ecd5e9b28.jpg', false, '2021-10-21 16:34:02.704');
INSERT INTO public.product ("name", price, category, stock, image_url, recommend, create_date) VALUES('น้ำจิ้มสุกี้', 40, 8, 99, 'https://cf.shopee.co.th/file/7ff6b8f77b09a5f01ce0d7643d581200', true, '2021-10-21 16:34:02.716');
INSERT INTO public.product ("name", price, category, stock, image_url, recommend, create_date) VALUES('น้ำจิ้มซีฟูด', 40, 8, 99, 'https://cf.shopee.co.th/file/ee361b1b3baabe7e4bf7552262b7de8e', true, '2021-10-21 16:34:02.721');
